2023-05-08_09-21-31_i0.jpg,0,RC,T30,
2023-05-08_12-09-15_i0.jpg,0,RC,T30,
2023-05-09_11-48-35_i0.jpg,0,DRONE,T30,
2023-05-09_12-11-08_i0.jpg,0,DRONE,T20,CRASHED
2023-05-09_12-23-13_i0.jpg,0,DRONE,T40,CRASHED
2023-05-09_12-33-25_i0.jpg,0,DRONE,T20,
2023-05-09_12-35-55_i0.jpg,0,DRONE,T20,
2023-05-09_16-53-55_i0.jpg,0,RC,T40,
2023-05-10_13-51-38_i0.jpg,0,RC,T30,
2023-05-10_13-51-39_i0.jpg,0,RC,T30,
2023-05-10_19-18-42_i0.jpg,0,RC,T40,
2023-05-11_10-08-34_i0.jpg,0,RC,T40,
2023-05-11_15-22-11_i0.jpg,0,RC,T30,
2023-05-11_17-20-52_i0.jpg,0,RC,T30,
2023-05-11_20-07-31_i0.jpg,0,RC,T30,
2023-05-12_07-27-36_i0.jpg,0,DRONE,T40,
2023-05-12_08-57-23_i0.jpg,0,RC,T40,
2023-05-12_12-36-47_i0.jpg,0,DRONE,T20,
2023-05-12_20-41-51_i0.jpg,0,RC,MG1,
2023-05-13_07-34-39_i0.jpg,0,DRONE,T40,
2023-05-13_09-22-04_i0.jpg,0,DRONE,T30,
2023-05-13_12-58-41_i0.jpg,0,RC,T30,
2023-05-13_13-05-40_i0.jpg,0,RC,T30,
2023-05-13_13-07-29_i0.jpg,0,RC,T40,
2023-05-13_13-21-45_i0.jpg,0,DRONE,T30,
2023-05-13_13-23-55_i0.jpg,0,DRONE,T40,
2023-05-13_20-23-32_i0.jpg,0,DRONE,T20,
2023-05-14_01-16-32_i0.jpg,0,DRONE,T20,
2023-05-14_10-42-56_i0.jpg,0,RC,T20,
2023-05-14_14-55-30_i0.jpg,0,DRONE,T20,CRASHED
2023-05-14_16-07-24_i0.jpg,0,RC,T30,
2023-05-15_12-30-38_i0.jpg,0,RC,T30,
2023-05-15_14-18-43_i0.jpg,0,DRONE,T30,
2023-05-15_20-38-49_i0.jpg,0,RC,MG1,
2023-05-15_20-26-16_i0.jpg,0,RC,MG1,
2023-05-16_11-21-57_i0.jpg,0,RC,T30,
2023-05-16_12-01-23_i0.jpg,0,RC,T30,
2023-05-16_13-09-37_i0.jpg,0,RC,T30,
2023-05-16_13-18-36_i0.jpg,0,RC,T40,
2023-05-16_16-38-42_i0.jpg,0,RC,MG1,
2023-05-16_21-23-15_i0.jpg,0,RC,T40,
2023-05-16_21-44-48_i0.jpg,0,RC,T40,
2023-05-17_05-47-57_i0.jpg,0,RC,T30,
2023-05-17_12-33-32_i0.jpg,0,RC,T40,
2023-05-17_17-50-24_i0.jpg,0,RC,T40,
2023-05-17_18-15-19_i0.jpg,0,RC,T30,
2023-05-18_11-28-36_i0.jpg,0,RC,T40,
2023-05-18_11-57-44_i0.jpg,0,RC,T30,
2023-05-18_12-03-18_i0.jpg,0,DRONE,T20,
2023-05-18_13-41-43_i0.jpg,0,RC,MG1,
2023-05-18_16-45-16_i0.jpg,0,DRONE,T30,
2023-05-18_20-54-13_i0.jpg,0,RC,T30,
2023-05-19_09-20-49_i0.jpg,0,RC,T30,
2023-05-19_13-05-59_i0.jpg,0,DRONE,T30,CRASHED
2023-05-19_15-38-19_i0.jpg,0,DRONE,T20,
2023-05-19_19-12-01_i0.jpg,0,RC,T30,
2023-05-19_19-12-01_i1.jpg,0,DRONE,T30,
2023-05-19_19-12-02_i0.jpg,0,DRONE,T30,
2023-05-19_19-12-02_i1.jpg,0,DRONE,T30,
2023-05-19_19-12-03_i0.jpg,0,DRONE,T30,
2023-05-20_00-27-16_i0.jpg,0,DRONE,T30,
2023-05-20_09-13-16_i0.jpg,0,RC,T40,
2023-05-20_12-39-59_i0.jpg,0,RC,T40,
2023-05-20_12-40-39_i0.jpg,0,RC,T40,
2023-05-20_12-40-56_i0.jpg,0,RC,T40,
2023-05-22_21-43-05_i0.jpg,0,RC,T40,
2023-05-23_08-27-43_i0.jpg,0,RC,T40,
2023-05-23_16-03-33_i0.jpg,0,RC,T30,
2023-05-23_20-01-42_i0.jpg,0,DRONE,T20,
2023-05-23_20-01-43_i0.jpg,0,DRONE,T20,
2023-05-23_20-01-44_i0.jpg,0,DRONE,T20,
2023-05-24_08-26-56_i0.jpg,0,DRONE,T30,CRASHED
2023-05-24_08-55-13_i0.jpg,0,DRONE,T30,
2023-05-24_10-13-44_i0.jpg,0,RC,T30,
2023-05-24_20-42-44_i0.jpg,0,DRONE,T40,
2023-05-25_07-23-51_i0.jpg,0,RC,T40,
2023-05-26_06-20-06_i0.jpg,0,DRONE,T30,
2023-05-26_06-58-42_i0.jpg,0,RC,T40,
2023-05-26_08-06-41_i0.jpg,0,DRONE,T50,
2023-05-26_10-34-54_i0.jpg,0,RC,T40,
2023-05-26_19-50-48_i0.jpg,0,RC,T30,
2023-05-27_10-48-46_i0.jpg,0,RC,T30,
2023-05-27_14-11-49_i0.jpg,0,RC,T30,
2023-05-27_14-24-06_i0.jpg,0,RC,T30,
2023-05-29_03-06-20_i0.jpg,0,DRONE,T30,
2023-05-29_17-00-36_i0.jpg,0,RC,T40,
2023-05-29_17-12-59_i0.jpg,0,RC,T40,
2023-05-29_21-46-57_i0.jpg,0,DRONE,T20,
2023-05-30_08-04-29_i0.jpg,0,DRONE,T30,
2023-05-30_08-33-34_i0.jpg,0,RC,T40,
2023-05-30_08-44-37_i0.jpg,0,RC,T30,
2023-05-30_08-44-38_i0.jpg,0,DRONE,T30,
2023-05-30_08-44-38_i1.jpg,0,DRONE,T30,
2023-05-30_08-44-39_i0.jpg,0,DRONE,T30,
2023-05-30_08-44-39_i1.jpg,0,DRONE,T30,
2023-05-30_09-38-06_i0.jpg,0,RC,T30,
2023-05-30_17-17-46_i0.jpg,0,DRONE,T30,
2023-05-30_17-17-49_i0.jpg,0,RC,T30,
2023-05-30_17-17-50_i0.jpg,0,RC,T30,
2023-05-30_17-17-51_i0.jpg,0,RC,T30,
2023-05-30_17-23-52_i0.jpg,0,DRONE,T30,
2023-05-30_19-59-55_i0.jpg,0,DRONE,T30,
2023-05-30_20-07-53_i1.jpg,0,DRONE,MG1,
2023-05-31_07-36-15_i0.jpg,0,DRONE,T30,
2023-05-31_08-58-47_i0.jpg,0,DRONE,T30,
2023-05-31_09-11-36_i0.jpg,0,RC,T40,
2023-05-31_10-09-50_i0.jpg,0,DRONE,T30,
2023-05-31_12-25-19_i0.jpg,0,RC,T40,
2023-05-31_15-34-32_i0.jpg,0,RC,T30,
2023-05-31_20-31-41_i0.jpg,0,RC,T30,
2023-05-31_20-32-13_i0.jpg,0,RC,T20,
2023-05-31_20-32-24_i0.jpg,0,RC,T20,
2023-05-31_20-32-38_i0.jpg,0,RC,T20,
2023-06-01_07-47-11_i0.jpg,0,RC,T20,
2023-06-01_09-07-26_i0.jpg,0,RC,T20,
2023-06-01_10-03-09_i0.jpg,0,RC,T30,
2023-06-01_12-59-20_i0.jpg,0,RC,T40,
2023-06-02_03-09-03_i0.jpg,0,RC,T20,
2023-06-02_09-01-03_i0.jpg,0,RC,T20,
2023-06-02_09-54-07_i0.jpg,0,RC,T40,
2023-06-02_17-15-47_i0.jpg,0,RC,T40,
2023-06-02_17-17-13_i0.jpg,0,RC,T40,
2023-06-02_17-47-45_i0.jpg,0,RC,MG1,
2023-06-03_07-45-18_i0.jpg,0,DRONE,T40,
2023-06-03_13-31-02_i0.jpg,0,RC,T30,
2023-06-03_13-43-41_i0.jpg,0,RC,T20,
2023-06-04_15-25-02_i0.jpg,0,RC,T20,
2023-06-04_18-01-08_i0.jpg,0,RC,T30,
2023-06-05_02-27-32_i0.jpg,0,RC,T30,
2023-06-05_12-09-45_i0.jpg,0,RC,T30,
2023-06-05_13-02-06_i0.jpg,0,RC,T20,
2023-06-05_15-26-16_i0.jpg,0,DRONE,T30,
2023-06-05_16-30-28_i0.jpg,0,RC,T40,
2023-06-05_17-56-55_i0.jpg,0,RC,MG1,
2023-06-05_17-57-37_i0.jpg,0,RC,MG1,
2023-06-05_18-38-49_i0.jpg,0,RC,T30,
2023-06-05_18-46-23_i0.jpg,0,RC,T30,
2023-06-05_18-48-27_i0.jpg,0,RC,T30,
2023-06-05_19-58-55_i0.jpg,0,RC,T30,
2023-06-06_09-36-58_i0.jpg,0,DRONE,T40,
2023-06-06_15-53-52_i0.jpg,0,RC,T30,
2023-06-06_15-53-53_i0.jpg,0,DRONE,T30,
2023-06-06_15-53-54_i0.jpg,0,DRONE,T30,
2023-06-06_15-53-54_i1.jpg,0,DRONE,T30,
2023-06-06_15-53-55_i0.jpg,0,DRONE,T30,
2023-06-06_22-39-20_i0.jpg,0,DRONE,T20,
2023-06-06_22-39-26_i0.jpg,0,DRONE,T20,
2023-06-06_22-49-54_i0.jpg,0,DRONE,T30,
2023-06-06_22-50-20_i0.jpg,0,RC,T30,
2023-06-07_13-25-54_i0.jpg,0,RC,T30,
2023-06-07_15-37-18_i0.jpg,0,RC,T30,
2023-06-08_06-29-33_i0.jpg,0,RC,T30,
2023-06-08_07-48-19_i0.jpg,0,RC,T30,
2023-06-08_10-28-22_i0.jpg,0,RC,T20,
2023-06-10_07-07-04_i0.jpg,0,DRONE,T40,CRASHED
2023-06-10_08-44-55_i0.jpg,0,DRONE,T30,CRASHED
2023-06-10_08-45-13_i0.jpg,0,RC,T30,
2023-06-10_09-20-33_i0.jpg,0,RC,T40,
2023-06-10_09-21-26_i0.jpg,0,RC,T40,
2023-06-11_00-49-16_i0.jpg,0,RC,T30,
2023-06-10_23-40-52_i0.jpg,0,DRONE,T30,
2023-06-11_09-52-58_i0.jpg,0,RC,T30,
2023-06-12_08-52-55_i0.jpg,0,RC,MG1,
2023-06-12_09-00-03_i0.jpg,0,RC,T30,
2023-06-12_10-18-47_i0.jpg,0,RC,T30,
2023-06-12_16-47-34_i0.jpg,0,DRONE,T30,CRASHED
2023-06-13_00-12-38_i0.jpg,0,RC,T30,
2023-06-13_09-03-22_i0.jpg,0,RC,T40,
2023-06-13_09-04-01_i0.jpg,0,RC,T40,
2023-06-13_11-13-14_i0.jpg,0,DRONE,T40,
2023-06-13_13-35-41_i0.jpg,0,RC,T30,
2023-06-13_14-52-42_i0.jpg,0,RC,MG1,
2023-06-13_16-33-59_i0.jpg,0,RC,T40,
2023-06-13_18-06-34_i0.jpg,0,RC,T40,
2023-06-14_05-20-28_i0.jpg,0,DRONE,T40,
2023-06-14_11-09-42_i0.jpg,0,RC,T40,
2023-06-14_15-45-54_i0.jpg,0,DRONE,T40,
2023-06-14_16-53-01_i0.jpg,0,RC,T30,
2023-06-14_21-28-23_i0.jpg,0,RC,T30,
2023-06-15_11-25-15_i0.jpg,0,RC,T30,
2023-06-15_11-51-25_i0.jpg,0,DRONE,T30,
2023-06-15_14-49-02_i0.jpg,0,RC,T30,
2023-06-15_16-22-31_i0.jpg,0,DRONE,MG1,
2023-06-16_08-30-27_i0.jpg,0,RC,T40,
2023-06-16_10-06-10_i0.jpg,0,RC,MG1,
2023-06-16_11-42-03_i0.jpg,0,RC,MG1,
2023-06-16_17-09-53_i0.jpg,0,RC,T30,
2023-06-17_06-26-31_i0.jpg,0,DRONE,T20,
2023-06-17_06-26-32_i0.jpg,0,DRONE,T30,
2023-06-17_08-59-14_i0.jpg,0,RC,T30,
2023-06-17_09-00-31_i0.jpg,0,RC,MG1,
2023-06-17_09-09-27_i0.jpg,0,RC,T30,
2023-06-17_09-37-23_i0.jpg,0,RC,T40,
2023-06-17_09-37-23_i1.jpg,0,RC,T40,
2023-06-17_21-54-08_i0.jpg,0,RC,T40,
2023-06-18_16-01-36_i0.jpg,0,RC,T30,
2023-06-18_16-03-27_i0.jpg,0,RC,T30,
2023-06-18_17-51-16_i0.jpg,0,RC,T30,
2023-06-18_19-28-53_i0.jpg,0,RC,T30,
2023-06-18_22-02-39_i0.jpg,0,DRONE,T20,
2023-06-19_06-28-51_i0.jpg,0,RC,T40,
2023-06-19_09-23-52_i0.jpg,0,RC,T40,
2023-06-19_10-33-53_i0.jpg,0,RC,MG1,
2023-06-19_14-26-29_i0.jpg,0,RC,T30,
2023-06-19_14-26-40_i0.jpg,0,RC,T30,
2023-06-19_15-21-50_i0.jpg,0,DRONE,T20,
2023-06-19_20-38-51_i0.jpg,0,DRONE,T50,
2023-06-20_05-59-03_i0.jpg,0,RC,T30,
2023-06-20_07-03-09_i0.jpg,0,DRONE,T30,
2023-06-21_11-27-11_i0.jpg,0,DRONE,T30,
2023-06-21_13-37-24_i0.jpg,0,RC,T40,
2023-06-21_13-37-25_i0.jpg,0,RC,T40,
2023-06-21_13-37-26_i0.jpg,0,RC,T40,
2023-06-21_13-40-45_i0.jpg,0,RC,T40,
2023-06-21_14-51-34_i0.jpg,0,RC,T40,
2023-06-21_15-37-33_i0.jpg,0,RC,T40,
2023-06-21_17-49-29_i0.jpg,0,RC,T40,
2023-06-21_17-53-50_i0.jpg,0,RC,T40,
2023-06-21_20-39-36_i0.jpg,0,DRONE,T30,
2023-06-22_07-48-06_i0.jpg,0,RC,T30,
2023-06-22_07-57-47_i0.jpg,0,RC,T30,
2023-06-22_09-50-47_i0.jpg,0,RC,T40,
2023-06-22_10-05-10_i0.jpg,0,RC,T30,
2023-06-23_08-48-12_i0.jpg,0,DRONE,T20,
2023-06-23_13-32-06_i0.jpg,0,DRONE,T40,
2023-06-24_22-01-05_i0.jpg,0,RC,T30,
2023-06-25_09-53-49_i0.jpg,0,RC,MG1,
2023-06-25_09-54-04_i0.jpg,0,RC,MG1,
2023-06-25_09-54-21_i0.jpg,0,RC,MG1,
2023-06-25_09-57-03_i0.jpg,0,RC,MG1,
2023-06-25_18-52-45_i0.jpg,0,RC,T40,
2023-06-26_11-03-16_i0.jpg,0,RC,T40,
2023-06-26_20-09-20_i0.jpg,0,DRONE,T40,
2023-06-27_07-35-24_i0.jpg,0,RC,T30,
2023-06-27_14-33-43_i0.jpg,0,DRONE,T40,
2023-06-27_14-34-38_i0.jpg,0,RC,MG1,
2023-06-27_14-43-33_i0.jpg,0,RC,MG1,
2023-06-27_15-22-09_i0.jpg,0,DRONE,T30,
2023-06-27_18-56-27_i0.jpg,0,DRONE,MG1,
2023-06-28_08-19-21_i0.jpg,0,RC,T40,
2023-06-28_08-29-31_i0.jpg,0,RC,T30,
2023-06-28_11-21-27_i0.jpg,0,RC,T30,
2023-06-28_13-00-33_i0.jpg,0,RC,T30,
2023-06-28_13-03-13_i0.jpg,0,RC,T30,
2023-06-28_13-33-52_i0.jpg,0,RC,T30,
2023-06-28_15-35-33_i0.jpg,0,RC,T30,
2023-06-28_15-58-55_i0.jpg,0,RC,T30,
2023-06-28_15-59-35_i0.jpg,0,RC,T30,
2023-06-28_16-00-38_i0.jpg,0,RC,T30,
2023-06-28_16-04-42_i0.jpg,0,DRONE,T30,
2023-06-28_20-57-58_i0.jpg,0,RC,T30,
2023-06-29_07-24-16_i0.jpg,0,RC,T30,
2023-06-29_06-39-26_i0.jpg,0,RC,T30,
2023-06-29_11-29-40_i0.jpg,0,RC,T30,
2023-06-30_10-37-52_i0.jpg,0,DRONE,T30,
2023-06-30_15-19-40_i0.jpg,0,RC,MG1,
2023-06-30_15-21-21_i0.jpg,0,RC,MG1,
2023-06-30_15-24-21_i0.jpg,0,RC,MG1,
2023-06-30_15-24-47_i0.jpg,0,RC,MG1,
2023-06-30_15-25-50_i0.jpg,0,RC,T30,
2023-06-30_16-25-33_i0.jpg,0,RC,T40,
2023-06-30_22-02-41_i0.jpg,0,RC,T40,
2023-07-01_08-04-04_i0.jpg,0,RC,T30,
2023-07-01_18-12-03_i0.jpg,0,RC,T30,
2023-07-02_09-54-31_i0.jpg,0,RC,T30,
2023-07-02_10-42-23_i0.jpg,0,RC,T30,
2023-07-02_11-14-24_i0.jpg,0,DRONE,T30,
2023-07-02_11-14-26_i0.jpg,0,DRONE,T30,
2023-07-02_11-14-27_i0.jpg,0,DRONE,T30,
2023-07-02_11-14-28_i0.jpg,0,DRONE,T30,
2023-07-02_11-14-28_i1.jpg,0,DRONE,T30,
2023-07-02_17-03-22_i0.jpg,0,DRONE,T30,CRASHED
2023-07-03_07-07-34_i0.jpg,0,RC,T40,
2023-07-03_08-45-34_i0.jpg,0,RC,T30,
2023-07-03_08-45-36_i0.jpg,0,RC,T30,
2023-07-03_09-03-00_i0.jpg,0,DRONE,T30,CRASHED
2023-07-03_18-53-49_i0.jpg,0,RC,T40,
2023-07-04_09-14-29_i0.jpg,0,RC,T30,
2023-07-04_09-36-30_i0.jpg,0,RC,T30,
2023-07-04_10-34-04_i0.jpg,0,DRONE,T30,
2023-07-04_11-10-53_i0.jpg,0,RC,T30,
2023-07-04_11-31-29_i0.jpg,0,RC,T30,
2023-07-04_22-13-03_i0.jpg,0,DRONE,T40,
2023-07-04_22-13-04_i0.jpg,0,DRONE,T20,
2023-07-04_22-13-06_i0.jpg,0,DRONE,T40,
2023-07-04_22-13-07_i0.jpg,0,DRONE,T20,
2023-07-04_22-13-08_i0.jpg,0,DRONE,T20,
2023-07-04_22-17-53_i0.jpg,0,RC,T40,
2023-07-04_22-33-25_i0.jpg,0,RC,T40,
2023-07-04_22-35-11_i0.jpg,0,DRONE,T40,
2023-07-04_22-35-12_i0.jpg,0,DRONE,T40,
2023-07-04_22-35-13_i0.jpg,0,DRONE,T40,
2023-07-05_13-02-37_i0.jpg,0,RC,MG1,
2023-07-06_07-09-14_i0.jpg,0,RC,T30,
2023-07-06_08-13-35_i0.jpg,0,RC,T30,
2023-07-06_08-54-51_i0.jpg,0,RC,T30,
2023-07-06_12-06-33_i0.jpg,0,RC,T30,
2023-07-06_15-24-46_i0.jpg,0,RC,MG1,
2023-07-06_15-43-43_i0.jpg,0,RC,T30,
2023-07-06_15-44-07_i0.jpg,0,RC,T30,
2023-07-07_08-27-00_i0.jpg,0,RC,T40,
2023-07-07_12-52-21_i0.jpg,0,DRONE,T20,
2023-07-07_13-11-27_i0.jpg,0,DRONE,T20,CRASHED
2023-07-07_15-03-50_i0.jpg,0,RC,T30,
2023-07-07_15-24-16_i0.jpg,0,DRONE,T20,
2023-07-07_15-28-24_i0.jpg,0,RC,T30,
2023-07-07_16-19-34_i0.jpg,0,RC,T30,
2023-07-07_17-08-06_i0.jpg,0,RC,T30,
2023-07-07_19-52-02_i0.jpg,0,RC,T30,
2023-07-07_20-50-47_i0.jpg,0,RC,T30,
2023-07-08_07-34-21_i0.jpg,0,RC,T40,
2023-07-08_07-34-21_i1.jpg,0,RC,T40,
2023-07-08_07-34-21_i2.jpg,0,RC,T40,
2023-07-08_07-34-21_i3.jpg,0,RC,T40,
2023-07-08_08-03-09_i0.jpg,0,RC,T40,
2023-07-08_08-08-07_i0.jpg,0,RC,T40,
2023-07-08_08-41-47_i0.jpg,0,DRONE,T30,
2023-07-08_18-03-47_i0.jpg,0,RC,T40,
2023-07-08_18-08-30_i0.jpg,0,RC,T40,
2023-07-10_11-15-59_i0.jpg,0,RC,T40,
2023-07-10_14-12-19_i0.jpg,0,RC,T40,
2023-07-10_14-12-29_i0.jpg,0,RC,T40,
2023-07-10_14-20-46_i0.jpg,0,RC,T40,
2023-07-10_15-07-31_i0.jpg,0,RC,T40,
2023-07-10_22-07-52_i0.jpg,0,DRONE,T40,
2023-07-11_17-00-25_i0.jpg,0,DRONE,T30,
2023-07-11_19-27-59_i0.jpg,0,DRONE,T20,
2023-07-12_10-48-07_i0.jpg,0,RC,T30,
2023-07-12_15-34-04_i0.jpg,0,RC,T40,
2023-07-12_17-35-53_i0.jpg,0,DRONE,T30,
2023-07-13_02-24-06_i0.jpg,0,RC,T30,
2023-07-13_06-33-22_i0.jpg,0,RC,T30,
2023-07-13_08-07-14_i0.jpg,0,RC,T40,
2023-07-13_08-53-11_i0.jpg,0,RC,T30,
2023-07-13_08-53-12_i0.jpg,0,RC,T30,
2023-07-13_10-41-05_i0.jpg,0,RC,T30,
2023-07-13_10-58-23_i0.jpg,0,RC,T30,
2023-07-13_14-53-44_i0.jpg,0,RC,T40,
2023-07-13_19-22-11_i0.jpg,0,RC,T40,
2023-07-14_09-28-46_i0.jpg,0,RC,T40,
2023-07-14_18-32-36_i0.jpg,0,RC,T30,
2023-07-14_19-15-01_i0.jpg,0,RC,T30,
2023-07-14_20-43-08_i0.jpg,0,RC,T40,
2023-07-14_20-43-24_i0.jpg,0,RC,T40,
2023-07-14_20-43-58_i0.jpg,0,RC,T40,
2023-07-15_11-07-07_i0.jpg,0,RC,T30,
2023-07-15_12-16-17_i0.jpg,0,RC,MG1,
2023-07-15_12-16-17_i1.jpg,0,RC,MG1,
2023-07-16_06-28-40_i0.jpg,0,RC,T40,
2023-07-16_06-51-32_i0.jpg,0,RC,T30,
2023-07-16_06-51-49_i0.jpg,0,RC,T30,
2023-07-16_06-52-14_i0.jpg,0,RC,T40,
2023-07-16_09-23-37_i0.jpg,0,RC,T30,
2023-07-16_17-37-04_i0.jpg,0,DRONE,T40,CRASHED
2023-07-16_17-37-38_i0.jpg,0,DRONE,T40,
2023-07-17_09-35-49_i0.jpg,0,DRONE,T30,
2023-07-17_18-07-39_i0.jpg,0,RC,T30,
2023-07-18_10-02-02_i0.jpg,0,RC,T20,
2023-07-18_10-02-53_i0.jpg,0,DRONE,T20,
2023-07-18_18-37-33_i0.jpg,0,RC,MG1,
2023-07-18_18-37-33_i1.jpg,0,RC,MG1,
2023-07-19_11-22-02_i0.jpg,0,DRONE,T40,CRASHED
2023-07-19_11-22-04_i0.jpg,0,DRONE,T40,CRASHED
2023-07-19_20-44-30_i0.jpg,0,RC,T20,
2023-07-20_07-36-55_i0.jpg,0,RC,T20,
2023-07-20_17-06-06_i0.jpg,0,DRONE,T30,CRASHED
2023-07-20_17-09-16_i0.jpg,0,DRONE,T30,CRASHED
2023-07-20_19-48-59_i0.jpg,0,RC,T40,
2023-07-21_07-15-37_i0.jpg,0,RC,T30,
2023-07-21_09-08-25_i0.jpg,0,RC,T20,
2023-07-21_14-24-18_i0.jpg,0,RC,T30,
2023-07-21_15-53-20_i0.jpg,0,RC,T40,
2023-07-21_16-00-33_i0.jpg,0,RC,T30,
2023-07-21_16-00-33_i1.jpg,0,RC,T30,
2023-07-21_17-12-21_i0.jpg,0,RC,T30,
2023-07-21_19-33-54_i0.jpg,0,RC,T30,
2023-07-22_08-45-26_i0.jpg,0,RC,T30,
2023-07-22_10-22-35_i0.jpg,0,RC,T40,
2023-07-22_10-25-50_i0.jpg,0,RC,T40,
2023-07-23_13-04-02_i0.jpg,0,RC,T40,
2023-07-23_13-10-07_i0.jpg,0,RC,T30,
2023-07-23_18-29-39_i0.jpg,0,RC,T40,
2023-07-23_19-40-33_i0.jpg,0,RC,T20,
2023-07-24_11-35-44_i0.jpg,0,RC,MG1,
2023-07-24_11-37-06_i0.jpg,0,RC,MG1,
2023-07-24_11-41-15_i0.jpg,0,RC,MG1,
2023-07-24_13-25-25_i0.jpg,0,RC,T40,
2023-07-24_14-22-15_i0.jpg,0,RC,T40,
2023-07-25_10-03-03_i0.jpg,0,RC,T40,
2023-07-25_11-08-08_i0.jpg,0,RC,T40,
2023-07-25_11-08-39_i0.jpg,0,RC,T40,
2023-07-25_11-12-28_i0.jpg,0,RC,T40,
2023-07-25_12-02-08_i0.jpg,0,RC,MG1,
2023-07-25_12-33-28_i0.jpg,0,RC,T30,
2023-07-25_12-34-09_i0.jpg,0,RC,T40,
2023-07-25_12-37-10_i0.jpg,0,RC,T30,
2023-07-25_12-45-14_i0.jpg,0,RC,MG1,
2023-07-25_13-00-12_i0.jpg,0,RC,T30,
2023-07-25_13-45-14_i0.jpg,0,RC,T40,
2023-07-26_08-45-25_i0.jpg,0,RC,T30,
2023-07-26_15-33-56_i0.jpg,0,RC,MG1,
2023-07-27_15-35-01_i0.jpg,0,DRONE,T30,
2023-07-27_15-53-16_i0.jpg,0,RC,T30,
2023-07-27_16-22-55_i0.jpg,0,RC,T30,
2023-07-27_16-29-38_i0.jpg,0,RC,T30,
2023-07-27_16-37-28_i0.jpg,0,RC,T30,
2023-07-27_18-31-54_i0.jpg,0,DRONE,T40,CRASHED
2023-07-28_08-08-23_i0.jpg,0,RC,T30,
2023-07-28_09-14-55_i0.jpg,0,RC,T40,
2023-07-28_11-05-45_i0.jpg,0,RC,T40,
2023-07-28_12-07-41_i0.jpg,0,RC,T40,
2023-07-28_16-00-12_i0.jpg,0,DRONE,MG1,
2023-07-29_13-20-22_i0.jpg,0,DRONE,T40,
2023-07-29_13-22-13_i0.jpg,0,DRONE,T30,
2023-07-29_14-32-23_i0.jpg,0,RC,T40,
2023-07-31_09-32-44_i0.jpg,0,RC,T30,
2023-07-31_11-39-47_i0.jpg,0,RC,T30,
2023-08-01_18-54-26_i0.jpg,0,RC,T30,
2023-08-02_06-44-23_i0.jpg,0,RC,T40,
2023-08-02_14-59-16_i0.jpg,0,RC,T30,
2023-08-03_10-42-25_i0.jpg,0,RC,T30,
2023-08-03_11-18-01_i0.jpg,0,RC,T30,
2023-08-03_15-16-45_i0.jpg,0,RC,T30,
2023-08-03_20-06-39_i0.jpg,0,RC,T20,
2023-08-03_15-32-12_i0.jpg,0,RC,T30,
2023-08-03_21-15-35_i0.jpg,0,DRONE,T30,
2023-08-03_22-23-37_i0.jpg,0,DRONE,T20,
2023-08-04_08-20-19_i0.jpg,0,RC,T30,
2023-08-04_09-24-03_i0.jpg,0,RC,T30,
2023-08-04_10-59-07_i0.jpg,0,DRONE,T20,
2023-08-04_11-55-16_i0.jpg,0,RC,T30,
2023-08-04_16-05-37_i0.jpg,0,RC,T30,
2023-08-04_17-54-52_i0.jpg,0,DRONE,T40,
2023-08-04_17-54-53_i0.jpg,0,DRONE,T40,
2023-08-04_18-07-54_i0.jpg,0,RC,T30,
2023-08-05_14-48-36_i0.jpg,0,DRONE,T20,CRASHED
2023-08-05_15-41-26_i0.jpg,0,RC,T30,
2023-08-07_06-30-33_i0.jpg,0,RC,T30,
2023-08-07_13-23-08_i0.jpg,0,DRONE,T20,
2023-08-08_12-30-10_i0.jpg,0,RC,T30,
2023-08-08_10-24-51_i0.jpg,0,DRONE,T30,
2023-08-08_17-35-09_i0.jpg,0,DRONE,T20,CRASHED
2023-08-08_17-40-47_i0.jpg,0,DRONE,T50,
2023-08-09_10-12-37_i0.jpg,0,RC,T40,
2023-08-09_13-22-12_i0.jpg,0,RC,T30,
2023-08-10_06-04-06_i0.jpg,0,RC,T40,
2023-08-10_06-06-47_i0.jpg,0,RC,T40,
2023-08-10_06-07-03_i0.jpg,0,RC,T40,
2023-08-10_12-39-34_i0.jpg,0,RC,T40,
2023-08-10_13-51-52_i0.jpg,0,DRONE,T30,
2023-08-10_16-00-05_i0.jpg,0,RC,T30,
2023-08-10_17-47-50_i0.jpg,0,RC,T30,
2023-08-10_19-06-29_i0.jpg,0,RC,T40,
2023-08-10_19-08-18_i0.jpg,0,RC,T40,
2023-08-10_23-04-08_i0.jpg,0,RC,T30,
2023-08-11_13-37-29_i0.jpg,0,RC,T30,
2023-08-11_14-29-33_i0.jpg,0,RC,T30,
2023-08-11_15-30-56_i0.jpg,0,DRONE,T30,
2023-08-11_15-37-11_i0.jpg,0,RC,T30,
2023-08-11_16-44-19_i0.jpg,0,RC,T30,
2023-08-11_20-11-00_i0.jpg,0,RC,MG1,
2023-08-11_20-21-59_i0.jpg,0,RC,MG1,
2023-08-11_20-35-39_i0.jpg,0,RC,MG1,
2023-08-11_20-38-47_i0.jpg,0,RC,MG1,
2023-08-13_15-10-49_i0.jpg,0,RC,T20,
2023-08-14_07-19-08_i0.jpg,0,RC,T40,
2023-08-14_10-07-46_i0.jpg,0,RC,T40,
2023-08-14_10-07-52_i0.jpg,0,RC,T40,
2023-08-14_12-54-35_i0.jpg,0,RC,T40,
2023-08-14_17-31-25_i0.jpg,0,RC,T40,
2023-08-15_10-48-33_i0.jpg,0,RC,T30,
2023-08-16_09-19-00_i0.jpg,0,RC,T30,
2023-08-16_09-19-01_i0.jpg,0,RC,T30,
2023-08-17_08-11-52_i0.jpg,0,RC,T30,
2023-08-17_08-12-06_i0.jpg,0,DRONE,T30,CRASHED
2023-08-17_08-34-17_i0.jpg,0,RC,T40,
2023-08-17_08-44-37_i0.jpg,0,RC,T40,
2023-08-17_09-58-48_i0.jpg,0,RC,T30,
2023-08-17_10-10-45_i0.jpg,0,RC,T30,
2023-08-17_10-04-18_i0.jpg,0,RC,T30,
2023-08-17_18-22-40_i0.jpg,0,RC,T30,
2023-08-17_22-04-00_i0.jpg,0,RC,T20,
2023-08-18_07-07-01_i0.jpg,0,RC,T40,
2023-08-18_07-44-39_i0.jpg,0,RC,T30,
2023-08-18_09-02-14_i0.jpg,0,RC,T40,
2023-08-18_09-03-57_i0.jpg,0,RC,T40,
2023-08-18_09-08-12_i0.jpg,0,RC,T30,
2023-08-18_10-20-03_i0.jpg,0,RC,T20,
2023-08-19_23-28-53_i0.jpg,0,RC,T40,
2023-08-20_06-58-05_i0.jpg,0,RC,T40,
2023-08-20_08-42-18_i0.jpg,0,RC,T40,
2023-08-20_20-22-13_i0.jpg,0,RC,MG1,
2023-08-21_10-59-15_i0.jpg,0,RC,T40,
2023-08-21_12-25-58_i0.jpg,0,RC,T20,
2023-08-21_14-00-21_i0.jpg,0,RC,T30,
2023-08-21_14-02-07_i0.jpg,0,RC,T30,
2023-08-21_14-23-56_i0.jpg,0,RC,T40,
2023-08-21_14-38-45_i0.jpg,0,RC,T40,
2023-08-21_15-20-46_i0.jpg,0,RC,T30,
2023-08-22_09-14-59_i0.jpg,0,RC,T40,
2023-08-23_09-07-52_i0.jpg,0,RC,T30,
2023-08-23_11-05-18_i0.jpg,0,RC,T40,
2023-08-23_11-21-55_i0.jpg,0,RC,T40,
2023-08-23_17-23-32_i0.jpg,0,RC,T20,
2023-08-24_08-55-35_i0.jpg,0,RC,T30,
2023-08-24_13-52-34_i0.jpg,0,RC,T30,
2023-08-24_16-11-06_i0.jpg,0,DRONE,T20,
2023-08-25_06-03-14_i0.jpg,0,RC,T40,
2023-08-25_09-58-07_i0.jpg,0,DRONE,T20,
2023-08-25_10-57-52_i0.jpg,0,RC,T30,
2023-08-25_14-44-18_i0.jpg,0,RC,T20,
2023-08-25_14-48-18_i0.jpg,0,RC,T30,
2023-08-25_14-48-24_i0.jpg,0,RC,T30,
2023-08-25_15-43-24_i0.jpg,0,RC,T40,
2023-08-25_15-46-21_i0.jpg,0,RC,T40,
2023-08-25_17-36-20_i0.jpg,0,RC,T30,
2023-08-25_17-39-37_i0.jpg,0,RC,T30,
2023-08-25_17-41-18_i0.jpg,0,RC,T30,
2023-08-25_17-41-19_i0.jpg,0,RC,T30,
2023-08-25_17-41-38_i0.jpg,0,RC,T30,
2023-08-25_17-47-22_i0.jpg,0,RC,T40,
2023-08-25_19-05-05_i0.jpg,0,RC,T30,
2023-08-26_11-53-42_i0.jpg,0,RC,T40,
2023-08-27_07-37-39_i0.jpg,0,RC,T30,
2023-08-27_11-18-43_i0.jpg,0,RC,MG1,
2023-08-27_12-23-00_i0.jpg,0,RC,T40,
2023-08-27_12-23-14_i0.jpg,0,RC,T40,
2023-08-27_12-36-47_i0.jpg,0,RC,T30,
2023-08-27_18-09-01_i0.jpg,0,RC,T40,
2023-08-27_18-19-24_i0.jpg,0,RC,T40,
2023-08-27_18-31-24_i0.jpg,0,RC,T40,
2023-08-27_20-39-47_i0.jpg,0,RC,T40,
2023-08-27_20-54-19_i0.jpg,0,RC,T40,
2023-08-28_14-16-41_i0.jpg,0,RC,MG1,
2023-08-28_17-01-48_i0.jpg,0,RC,T20,
2023-08-29_07-07-27_i0.jpg,0,DRONE,T20,
2023-08-29_07-23-27_i0.jpg,0,RC,T30,
2023-08-29_08-00-20_i0.jpg,0,RC,T30,
2023-08-29_08-29-45_i0.jpg,0,RC,T40,
2023-08-29_09-15-20_i0.jpg,0,RC,T20,
2023-08-29_16-57-17_i0.jpg,0,DRONE,T40,CRASHED
2023-08-29_16-57-27_i0.jpg,0,DRONE,T40,CRASHED
2023-08-30_06-52-15_i0.jpg,0,DRONE,MG1,
2023-08-30_07-58-07_i0.jpg,0,RC,T30,
2023-08-30_11-52-59_i0.jpg,0,RC,T30,
2023-08-30_11-56-24_i0.jpg,0,RC,T30,
2023-08-30_11-59-25_i0.jpg,0,RC,T30,
2023-08-30_11-59-32_i0.jpg,0,RC,T30,
2023-08-30_19-23-22_i0.jpg,0,DRONE,T20,
2023-08-31_09-57-59_i0.jpg,0,RC,T40,
2023-08-31_09-58-03_i0.jpg,0,RC,T40,
2023-08-31_10-35-55_i0.jpg,0,RC,T30,
2023-08-31_12-06-38_i0.jpg,0,RC,T30,
2023-08-31_13-20-41_i0.jpg,0,RC,T40,
2023-08-31_13-28-41_i0.jpg,0,RC,T40,
2023-08-31_16-03-23_i0.jpg,0,RC,T40,
2023-08-31_19-10-15_i0.jpg,0,RC,T40,
2023-09-01_07-45-37_i0.jpg,0,RC,T30,
2023-09-01_09-03-37_i0.jpg,0,DRONE,T20,
2023-09-01_09-39-55_i0.jpg,0,RC,T30,
2023-09-01_09-43-08_i0.jpg,0,RC,T30,
2023-09-01_13-41-48_i0.jpg,0,RC,T30,
2023-09-02_00-07-43_i0.jpg,0,RC,T30,
2023-09-02_12-57-21_i0.jpg,0,RC,T30,
2023-09-02_12-57-35_i0.jpg,0,RC,T30,
2023-09-02_14-49-48_i0.jpg,0,DRONE,T20,CRASHED
2023-09-03_06-31-09_i0.jpg,0,RC,T30,
2023-09-03_08-27-14_i0.jpg,0,RC,T40,
2023-09-03_19-47-20_i0.jpg,0,RC,T40,
2023-09-03_20-16-27_i0.jpg,0,RC,T40,
2023-09-05_07-13-10_i0.jpg,0,RC,T40,
2023-09-05_07-19-06_i0.jpg,0,RC,T40,
2023-09-05_08-04-38_i0.jpg,0,RC,T30,
2023-09-05_12-19-03_i0.jpg,0,RC,MG1,
2023-09-05_13-05-34_i0.jpg,0,DRONE,T30,
2023-09-05_13-08-26_i1.jpg,0,DRONE,T40,
2023-09-05_17-01-58_i0.jpg,0,RC,T40,
2023-09-06_12-04-54_i0.jpg,0,DRONE,T30,
2023-09-06_13-19-13_i0.jpg,0,RC,T30,
2023-09-06_13-19-14_i0.jpg,0,RC,T30,
2023-09-06_16-07-23_i0.jpg,0,RC,T20,
2023-09-07_07-34-25_i0.jpg,0,RC,T40,
2023-09-07_07-43-00_i0.jpg,0,RC,T40,
2023-09-07_07-49-50_i0.jpg,0,RC,T40,
2023-09-07_08-16-05_i0.jpg,0,RC,T40,
2023-09-07_14-21-53_i0.jpg,0,RC,T30,
2023-09-07_15-34-44_i0.jpg,0,RC,T30,
2023-09-07_18-23-56_i0.jpg,0,RC,T30,
2023-09-07_20-38-33_i0.jpg,0,RC,T40,
2023-09-08_07-28-08_i0.jpg,0,RC,T30,
2023-09-08_12-09-40_i0.jpg,0,RC,T30,
2023-09-08_15-15-47_i0.jpg,0,RC,T40,
2023-09-08_15-19-22_i0.jpg,0,RC,T40,
2023-09-08_15-22-36_i0.jpg,0,RC,T40,
2023-09-08_17-17-55_i0.jpg,0,RC,T30,
2023-09-09_20-35-23_i0.jpg,0,DRONE,T40,CRASHED
2023-09-09_21-27-17_i0.jpg,0,DRONE,T40,CRASHED
2023-09-10_18-42-59_i0.jpg,0,RC,T40,
2023-09-10_19-14-26_i0.jpg,0,RC,T40,
2023-09-11_07-23-53_i0.jpg,0,RC,MG1,
2023-09-11_07-23-54_i0.jpg,0,RC,MG1,
2023-09-11_07-54-39_i0.jpg,0,RC,T40,
2023-09-11_14-25-35_i0.jpg,0,RC,T30,
2023-09-12_08-54-50_i0.jpg,0,RC,T30,
2023-09-12_13-25-34_i0.jpg,0,RC,T40,
2023-09-14_08-50-06_i0.jpg,0,RC,T20,
2023-09-14_09-45-52_i0.jpg,0,RC,T40,
2023-09-14_10-22-36_i0.jpg,0,DRONE,T20,
2023-09-14_10-23-33_i0.jpg,0,DRONE,T30,
2023-09-14_15-37-18_i0.jpg,0,DRONE,T20,
2023-09-15_11-22-59_i0.jpg,0,RC,T40,
2023-09-15_11-34-26_i0.jpg,0,RC,T40,
2023-09-15_11-45-17_i0.jpg,0,RC,T40,
2023-09-15_11-47-43_i0.jpg,0,RC,T40,
2023-09-15_17-18-50_i0.jpg,0,DRONE,T20,
2023-09-16_12-19-58_i0.jpg,0,RC,T30,
2023-09-16_19-02-26_i0.jpg,0,RC,T40,
2023-09-16_19-02-27_i0.jpg,0,RC,T40,
2023-09-16_19-02-27_i1.jpg,0,RC,T40,
2023-09-18_11-15-25_i0.jpg,0,RC,T40,
2023-09-19_08-34-23_i0.jpg,0,RC,T40,
2023-09-19_10-51-39_i0.jpg,0,RC,T20,
2023-09-19_11-37-49_i0.jpg,0,RC,T30,
2023-09-19_12-37-33_i0.jpg,0,RC,T40,
2023-09-19_16-01-43_i0.jpg,0,RC,T30,
2023-09-19_21-43-07_i0.jpg,0,RC,T30,
2023-09-20_09-28-20_i0.jpg,0,RC,T30,
2023-09-20_09-28-21_i0.jpg,0,RC,T30,
2023-09-20_09-28-28_i0.jpg,0,RC,T30,
2023-09-20_12-24-18_i0.jpg,0,RC,T20,
2023-09-20_12-35-00_i0.jpg,0,RC,T30,
2023-09-20_17-20-52_i0.jpg,0,RC,T30,
2023-09-20_17-41-54_i0.jpg,0,RC,T30,
2023-09-22_06-57-25_i0.jpg,0,RC,T30,
2023-09-22_11-58-10_i0.jpg,0,RC,T30,
2023-09-22_15-34-37_i0.jpg,0,RC,T30,
2023-09-22_18-31-58_i0.jpg,0,RC,T40,
2023-09-23_07-48-06_i0.jpg,0,RC,T40,
2023-09-23_15-46-26_i0.jpg,0,RC,T30,
2023-09-23_15-52-50_i0.jpg,0,RC,T30,
2023-09-23_15-53-24_i0.jpg,0,RC,T30,
2023-09-23_21-15-34_i0.jpg,0,RC,T30,
2023-09-24_07-30-12_i0.jpg,0,RC,MG1,
2023-09-24_21-14-11_i0.jpg,0,RC,T40,
2023-09-24_21-16-54_i0.jpg,0,RC,T40,
2023-09-24_09-40-46_i0.jpg,0,RC,T40,
2023-09-24_21-11-09_i0.jpg,0,RC,T40,
2023-09-24_21-11-23_i0.jpg,0,RC,T40,
2023-09-24_21-17-39_i0.jpg,0,RC,T40,
2023-09-25_06-16-18_i0.jpg,0,RC,T30,
2023-09-25_09-20-51_i0.jpg,0,RC,T30,
2023-09-25_09-38-58_i0.jpg,0,RC,T30,
2023-09-26_17-54-33_i0.jpg,0,DRONE,T40,
2023-09-27_07-41-54_i0.jpg,0,RC,T30,
2023-09-27_10-22-36_i0.jpg,0,RC,T40,
2023-09-27_11-22-20_i0.jpg,0,DRONE,T40,CRASHED
2023-09-28_07-52-09_i0.jpg,0,RC,T40,
2023-09-27_16-44-26_i0.jpg,0,DRONE,T40,
2023-09-28_07-57-14_i0.jpg,0,RC,T40,
2023-09-28_07-57-14_i1.jpg,0,RC,T40,
2023-09-29_21-07-22_i0.jpg,0,RC,T30,
2023-09-29_20-53-52_i0.jpg,0,RC,T40,
2023-09-29_21-05-36_i0.jpg,0,DRONE,T40,
2023-09-30_09-58-25_i0.jpg,0,RC,T30,
2023-09-30_12-22-54_i0.jpg,0,RC,T40,
2023-09-30_18-40-17_i0.jpg,0,RC,T30,
2023-10-01_05-51-27_i0.jpg,0,RC,T40,
2023-10-01_06-41-57_i0.jpg,0,RC,T30,
2023-10-01_06-44-18_i0.jpg,0,RC,T30,
2023-10-01_06-52-09_i0.jpg,0,RC,T30,
2023-10-02_08-06-07_i0.jpg,0,RC,T30,
2023-10-02_17-24-19_i0.jpg,0,RC,T40,
2023-10-03_07-01-58_i0.jpg,0,RC,T30,
2023-10-03_07-24-58_i0.jpg,0,RC,T40,
2023-10-03_07-28-43_i0.jpg,0,RC,T30,
2023-10-04_12-44-54_i0.jpg,0,RC,T30,
2023-10-04_12-44-56_i0.jpg,0,RC,T30,
2023-10-04_12-45-00_i0.jpg,0,RC,T30,
2023-10-04_12-45-12_i0.jpg,0,RC,T30,
2023-10-04_12-54-33_i0.jpg,0,RC,T30,
2023-10-04_16-50-56_i0.jpg,0,RC,T30,
2023-10-06_06-54-59_i0.jpg,0,RC,T30,
2023-10-06_08-52-25_i0.jpg,0,RC,T30,
2023-10-06_08-57-31_i0.jpg,0,RC,T30,
2023-10-06_09-01-08_i0.jpg,0,RC,T30,
2023-10-06_22-37-18_i0.jpg,0,RC,T40,
2023-10-06_22-37-19_i0.jpg,0,RC,T40,
2023-10-06_23-25-56_i0.jpg,0,RC,T40,
2023-10-06_23-25-56_i1.jpg,0,RC,T40,
2023-10-06_23-25-57_i0.jpg,0,DRONE,T40,
2023-10-07_07-30-49_i0.jpg,0,RC,MG1,
2023-10-07_07-36-01_i0.jpg,0,RC,MG1,
2023-10-07_07-49-54_i0.jpg,0,RC,MG1,
2023-10-07_07-51-25_i0.jpg,0,RC,MG1,
2023-10-07_08-01-30_i0.jpg,0,RC,MG1,
2023-10-07_08-01-54_i0.jpg,0,RC,MG1,
2023-10-07_08-03-13_i0.jpg,0,RC,MG1,
2023-10-07_08-03-35_i0.jpg,0,RC,MG1,
2023-10-07_08-05-04_i0.jpg,0,RC,MG1,
2023-10-07_08-07-06_i0.jpg,0,RC,MG1,
2023-10-07_08-09-59_i0.jpg,0,RC,MG1,
2023-10-07_08-12-07_i0.jpg,0,RC,MG1,
2023-10-07_08-12-24_i0.jpg,0,RC,MG1,
2023-10-07_08-13-34_i0.jpg,0,RC,MG1,
2023-10-07_08-14-24_i0.jpg,0,RC,MG1,
2023-10-07_08-29-36_i0.jpg,0,RC,MG1,
2023-10-07_10-29-50_i0.jpg,0,RC,T30,
2023-10-07_10-51-51_i0.jpg,0,RC,T40,
2023-10-07_10-51-52_i0.jpg,0,RC,T40,
2023-10-07_13-32-21_i0.jpg,0,RC,T40,
2023-10-07_17-24-42_i0.jpg,0,RC,T30,
2023-10-09_08-42-45_i0.jpg,0,RC,T30,
2023-10-09_15-59-37_i0.jpg,0,DRONE,T30,
2023-10-10_15-41-40_i0.jpg,0,RC,T40,
2023-10-11_12-17-22_i0.jpg,0,RC,T30,
2023-10-11_12-28-01_i0.jpg,0,RC,T30,
2023-10-11_16-32-50_i0.jpg,0,RC,T30,
2023-10-11_18-36-03_i0.jpg,0,RC,T30,
2023-10-11_18-40-35_i0.jpg,0,RC,T30,
2023-10-11_18-45-33_i0.jpg,0,RC,T30,
2023-10-12_10-46-21_i0.jpg,0,RC,T30,
2023-10-12_14-38-52_i0.jpg,0,RC,T30,
2023-10-13_08-28-34_i0.jpg,0,DRONE,T30,
2023-10-13_09-51-54_i0.jpg,0,RC,T30,
2023-10-13_10-10-35_i0.jpg,0,RC,T30,
2023-10-14_08-16-48_i0.jpg,0,RC,T40,
2023-10-14_08-40-07_i0.jpg,0,RC,T40,
2023-10-14_09-04-30_i0.jpg,0,RC,T30,
2023-10-14_10-01-27_i0.jpg,0,RC,T30,
2023-10-16_07-35-29_i0.jpg,0,RC,T40,
2023-10-17_11-12-04_i0.jpg,0,RC,T40,
2023-10-18_09-50-14_i0.jpg,0,RC,T40,
2023-10-18_19-06-32_i0.jpg,0,DRONE,T30,
2023-10-19_06-48-23_i0.jpg,0,RC,T40,
2023-10-20_09-43-02_i0.jpg,0,RC,T30,
2023-10-20_15-25-28_i0.jpg,0,RC,T40,
2023-10-21_10-58-55_i0.jpg,0,RC,T30,
2023-10-21_11-06-06_i0.jpg,0,RC,T30,
2023-10-21_11-52-39_i0.jpg,0,RC,T30,
2023-10-21_11-54-03_i0.jpg,0,RC,T30,
2023-10-21_12-06-15_i0.jpg,0,RC,T30,
2023-10-21_12-10-19_i0.jpg,0,RC,T30,
2023-10-21_13-05-40_i0.jpg,0,RC,T30,
2023-10-21_17-30-45_i0.jpg,0,RC,T40,
2023-10-21_17-37-20_i0.jpg,0,RC,T40,
2023-10-21_17-44-52_i0.jpg,0,RC,T40,
2023-10-22_01-25-04_i0.jpg,0,RC,T40,
2023-10-22_01-25-06_i0.jpg,0,DRONE,T50,
2023-10-22_01-25-07_i0.jpg,0,DRONE,T50,
2023-10-23_05-02-20_i0.jpg,0,RC,T40,
2023-10-23_06-47-41_i0.jpg,0,RC,T30,
2023-10-23_06-47-42_i0.jpg,0,RC,T30,
2023-10-23_08-29-43_i0.jpg,0,RC,T30,
2023-10-23_11-25-01_i0.jpg,0,RC,T20,
2023-10-24_10-00-57_i0.jpg,0,RC,T30,
2023-10-24_11-30-54_i0.jpg,0,RC,T30,
2023-10-24_20-56-55_i0.jpg,0,RC,T30,
2023-10-24_22-31-14_i0.jpg,0,RC,T30,
2023-10-24_22-31-22_i0.jpg,0,RC,T40,
2023-10-25_06-23-42_i0.jpg,0,RC,T20,
2023-10-25_06-47-49_i0.jpg,0,RC,T30,
2023-10-25_06-51-51_i0.jpg,0,RC,T30,
2023-10-25_06-58-35_i0.jpg,0,RC,T40,
2023-10-25_06-58-36_i0.jpg,0,RC,T30,
2023-10-25_07-00-47_i0.jpg,0,RC,T30,
2023-10-26_09-25-19_i0.jpg,0,RC,T30,
2023-10-27_13-10-57_i0.jpg,0,RC,T30,
2023-10-27_19-51-25_i0.jpg,0,RC,T40,
2023-10-28_16-57-07_i0.jpg,0,RC,T40,
2023-10-29_21-43-21_i0.jpg,0,RC,T40,
2023-10-30_09-25-31_i0.jpg,0,RC,T30,
2023-10-30_09-43-04_i0.jpg,0,DRONE,T30,
2023-10-30_14-16-14_i0.jpg,0,RC,T30,
2023-10-30_14-31-37_i0.jpg,0,RC,T30,
2023-10-31_05-50-22_i0.jpg,0,RC,T30,
2023-10-31_05-58-46_i0.jpg,0,RC,T30,
2023-10-31_09-38-11_i0.jpg,0,RC,T30,
2023-10-31_13-24-42_i0.jpg,0,RC,T30,
2023-10-31_15-53-31_i0.jpg,0,RC,T30,
2023-10-31_18-42-13_i0.jpg,0,RC,T40,
2023-10-31_18-54-12_i0.jpg,0,RC,T40,
2023-11-01_06-28-27_i0.jpg,0,RC,T40,
2023-11-01_10-11-55_i0.jpg,0,RC,T30,
2023-11-01_12-27-43_i0.jpg,0,RC,T30,
2023-11-01_12-48-29_i0.jpg,0,RC,T30,
2023-11-01_15-59-04_i0.jpg,0,RC,T30,
2023-11-01_16-10-49_i0.jpg,0,RC,T30,
2023-11-01_17-20-07_i0.jpg,0,RC,T30,
2023-11-03_16-43-19_i0.jpg,0,RC,T30,
2023-11-03_16-43-25_i0.jpg,0,RC,T30,
2023-11-04_13-06-03_i0.jpg,0,RC,T30,
2023-11-04_15-33-32_i0.jpg,0,RC,T20,
2023-11-06_11-04-19_i0.jpg,0,RC,T30,
2023-11-06_14-31-29_i0.jpg,0,RC,T40,
2023-11-06_17-33-07_i0.jpg,0,RC,T40,
2023-11-07_07-34-07_i0.jpg,0,RC,T40,
2023-11-07_09-43-05_i0.jpg,0,RC,T20,
2023-11-07_18-36-39_i0.jpg,0,RC,MG1,
2023-11-07_19-09-41_i0.jpg,0,RC,MG1,
2023-11-08_13-54-42_i0.jpg,0,RC,T40,
2023-11-08_14-53-29_i0.jpg,0,RC,T40,
2023-11-10_09-05-55_i0.jpg,0,RC,T30,
2023-11-10_09-19-53_i0.jpg,0,RC,T40,
2023-11-10_10-43-24_i0.jpg,0,RC,T40,
2023-11-11_06-31-04_i0.jpg,0,RC,T40,
2023-11-12_07-05-13_i0.jpg,0,RC,T40,
2023-11-12_13-23-26_i0.jpg,0,RC,T40,
2023-11-13_08-21-02_i0.jpg,0,RC,T30,
2023-11-13_08-25-11_i0.jpg,0,RC,T30,
2023-11-13_08-59-06_i0.jpg,0,RC,T30,
2023-11-13_08-59-59_i0.jpg,0,RC,T30,
2023-11-13_09-02-48_i0.jpg,0,RC,T30,
2023-11-13_10-13-05_i0.jpg,0,RC,T30,
2023-11-13_10-43-51_i0.jpg,0,DRONE,T20,
2023-11-14_11-04-34_i0.jpg,0,RC,T40,
2023-11-15_17-34-00_i0.jpg,0,RC,T40,
2023-11-15_18-55-55_i0.jpg,0,RC,T40,
2023-11-16_15-17-19_i0.jpg,0,RC,T30,
2023-11-18_10-52-37_i0.jpg,0,RC,T40,
2023-11-18_17-58-19_i0.jpg,0,RC,T40,
2023-11-20_15-30-33_i0.jpg,0,RC,T40,
2023-11-21_09-17-31_i0.jpg,0,RC,T40,
2023-11-22_20-47-06_i0.jpg,0,RC,T40,
2023-11-23_07-36-35_i0.jpg,0,RC,T40,
2023-11-24_09-32-45_i0.jpg,0,RC,T40,
2023-11-24_16-39-19_i0.jpg,0,RC,T40,
2023-11-24_16-40-03_i0.jpg,0,RC,T40,
2023-11-25_06-52-16_i0.jpg,0,RC,T30,
2023-11-25_07-14-23_i0.jpg,0,DRONE,T20,
2023-11-25_08-15-17_i0.jpg,0,RC,T30,
2023-11-25_13-10-48_i0.jpg,0,RC,T40,
2023-11-25_14-51-55_i0.jpg,0,RC,T40,
2023-11-26_07-23-40_i0.jpg,0,RC,T30,
2023-11-27_07-26-08_i0.jpg,0,RC,T40,
2023-11-27_10-03-49_i0.jpg,0,RC,T40,
2023-11-27_12-08-23_i0.jpg,0,RC,T40,
2023-11-28_09-24-07_i0.jpg,0,RC,T40,
2023-11-28_09-51-42_i0.jpg,0,RC,T40,
2023-11-28_14-45-38_i0.jpg,0,RC,T40,
2023-11-28_15-34-59_i0.jpg,0,RC,T40,
2023-11-28_22-37-16_i0.jpg,0,RC,T40,
2023-11-28_22-37-24_i0.jpg,0,RC,T40,
2023-11-29_08-49-20_i0.jpg,0,DRONE,T40,
2023-11-29_18-07-03_i0.jpg,0,DRONE,T20,CRASHED
2023-11-29_18-07-04_i0.jpg,0,DRONE,T20,CRASHED
2023-11-30_10-33-51_i0.jpg,0,RC,T40,
2023-11-30_12-01-39_i0.jpg,0,RC,T30,
2023-11-30_14-26-55_i0.jpg,0,RC,T30,
2023-12-02_08-04-15_i0.jpg,0,RC,T40,
2023-12-03_01-20-51_i0.jpg,0,RC,T30,
2023-12-03_17-52-07_i0.jpg,0,RC,T40,
2023-12-05_06-51-29_i0.jpg,0,RC,T30,
2023-12-05_16-34-25_i0.jpg,0,RC,T30,
2023-12-05_16-34-26_i0.jpg,0,RC,T30,
2023-12-05_16-40-48_i0.jpg,0,RC,T40,
2023-12-06_11-41-25_i0.jpg,0,DRONE,T30,
2023-12-06_16-02-51_i0.jpg,0,RC,T30,
2023-12-07_07-56-41_i0.jpg,0,RC,T40,
2023-12-08_10-08-04_i0.jpg,0,RC,T40,
2023-12-08_10-23-29_i0.jpg,0,RC,T40,
2023-12-09_08-51-20_i0.jpg,0,RC,T40,
2023-12-10_12-40-44_i0.jpg,0,RC,T40,
2023-12-10_16-22-42_i0.jpg,0,RC,T30,
2023-12-11_10-57-27_i0.jpg,0,RC,T40,
2023-12-13_06-57-35_i0.jpg,0,RC,T40,
2023-12-13_09-42-46_i0.jpg,0,RC,T40,
2023-12-13_14-59-00_i0.jpg,0,RC,T30,
2023-12-14_07-09-31_i0.jpg,0,RC,T40,
2023-12-14_09-10-13_i0.jpg,0,RC,T30,
2023-12-14_14-34-22_i0.jpg,0,DRONE,T20,CRASHED
2023-12-14_17-08-54_i0.jpg,0,RC,T40,
2023-12-14_21-04-51_i0.jpg,0,RC,T40,
2023-12-16_07-26-53_i0.jpg,0,RC,T40,
2023-12-16_08-52-33_i0.jpg,0,RC,T40,
2023-12-16_10-02-00_i0.jpg,0,RC,T40,
2023-12-16_12-28-35_i0.jpg,0,DRONE,T40,
2023-12-16_20-25-06_i0.jpg,0,RC,T40,
2023-12-18_10-44-07_i0.jpg,0,DRONE,T20,
2023-12-18_13-07-20_i0.jpg,0,DRONE,T40,
2023-12-19_10-44-06_i0.jpg,0,RC,T30,
2023-12-20_05-34-42_i0.jpg,0,RC,T30,
2023-12-20_18-02-43_i0.jpg,0,RC,T30,
2023-12-20_18-03-03_i0.jpg,0,RC,T30,
2023-12-21_10-28-35_i0.jpg,0,RC,T30,
2023-12-21_10-28-37_i0.jpg,0,RC,T30,
2023-12-21_13-44-17_i0.jpg,0,RC,T30,
2023-12-23_05-13-44_i1.jpg,0,RC,T30,
2023-12-23_11-09-46_i0.jpg,0,DRONE,T50,
2023-12-23_11-09-47_i0.jpg,0,DRONE,T50,
2023-12-23_11-09-48_i0.jpg,0,DRONE,T50,
2023-12-23_20-04-14_i0.jpg,0,RC,T30,
2023-12-27_04-39-31_i0.jpg,0,RC,T30,
2023-12-29_08-31-41_i0.jpg,0,RC,T40,
2023-12-29_09-08-09_i0.jpg,0,RC,T40,
2023-12-29_13-49-40_i0.jpg,0,RC,MG1,
2023-12-29_19-54-52_i0.jpg,0,RC,T30,
2023-12-30_18-41-35_i0.jpg,0,RC,T30,
2024-01-02_19-06-56_i0.jpg,0,RC,T40,
2024-01-04_07-17-21_i0.jpg,0,RC,T30,
2024-01-05_11-17-28_i0.jpg,0,RC,T40,
2024-01-05_13-17-46_i0.jpg,0,RC,T40,
2024-01-05_17-41-58_i0.jpg,0,RC,T30,
2024-01-06_10-27-51_i0.jpg,0,RC,T30,
2024-01-08_06-02-27_i0.jpg,0,RC,T30,
2024-01-08_11-51-41_i0.jpg,0,RC,T40,
2024-01-08_15-57-13_i0.jpg,0,RC,T30,
2024-01-08_16-53-55_i0.jpg,0,RC,T40,
2024-01-08_17-51-23_i0.jpg,0,RC,T40,
2024-01-08_19-05-45_i0.jpg,0,RC,T30,
2024-01-11_09-36-34_i0.jpg,0,RC,T40,
2024-01-11_15-06-40_i0.jpg,0,RC,T40,
2024-01-11_21-17-21_i0.jpg,0,RC,T40,
2024-01-12_07-10-09_i0.jpg,0,RC,T40,
2024-01-12_09-07-49_i0.jpg,0,RC,T20,
2024-01-12_09-48-17_i0.jpg,0,DRONE,T20,
2024-01-13_08-34-04_i0.jpg,0,RC,T40,
2024-01-13_13-14-23_i0.jpg,0,RC,T40,
2024-01-13_14-00-49_i0.jpg,0,RC,T40,
2024-01-13_14-20-24_i0.jpg,0,RC,T30,
2024-01-13_18-32-37_i0.jpg,0,RC,T40,
2024-01-13_22-09-28_i0.jpg,0,RC,T40,
2024-01-14_06-29-39_i0.jpg,0,RC,T40,
2024-01-20_07-11-55_i0.jpg,0,RC,MG1,
2024-01-20_07-41-28_i0.jpg,0,RC,T40,
2024-01-21_20-55-57_i0.jpg,0,RC,T40,
2024-01-22_12-25-44_i0.jpg,0,RC,T30,
2024-01-22_15-10-36_i0.jpg,0,RC,T30,
2024-01-24_04-36-53_i0.jpg,0,RC,T40,
2024-01-24_06-52-59_i0.jpg,0,RC,T40,
2024-01-25_11-30-31_i0.jpg,0,RC,T40,
2024-01-25_11-44-26_i0.jpg,0,RC,T40,
2024-01-26_13-15-02_i0.jpg,0,RC,T40,
2024-01-26_13-55-48_i0.jpg,0,RC,T40,
2024-01-26_18-22-07_i0.jpg,0,RC,T30,
2024-01-27_06-17-05_i0.jpg,0,RC,T30,
2024-01-27_11-17-58_i0.jpg,0,RC,T30,
2024-01-28_06-33-34_i0.jpg,0,RC,T40,
2024-01-28_08-11-09_i0.jpg,0,RC,T30,
2024-01-28_08-13-24_i0.jpg,0,RC,T30,
2024-01-29_12-29-43_i0.jpg,0,RC,T20,
2024-01-29_12-31-43_i0.jpg,0,RC,T20,
2024-01-30_06-54-34_i0.jpg,0,DRONE,T40,
2024-01-30_09-08-52_i0.jpg,0,RC,T30,
2024-01-30_09-42-04_i0.jpg,0,RC,T30,
2024-01-30_09-55-25_i0.jpg,0,RC,T30,
2024-01-30_13-46-06_i0.jpg,0,RC,T40,
2024-02-01_06-52-33_i0.jpg,0,RC,T40,
2024-02-01_09-27-09_i0.jpg,0,RC,T40,
2024-02-01_10-46-28_i0.jpg,0,RC,T40,
2024-02-01_11-32-23_i0.jpg,0,DRONE,T20,
2024-02-02_07-51-48_i0.jpg,0,RC,T30,
2024-02-02_08-25-49_i0.jpg,0,RC,T40,
2024-02-02_19-38-20_i0.jpg,0,RC,T40,
2024-02-02_17-05-25_i0.jpg,0,RC,T30,
2024-02-03_16-34-43_i0.jpg,0,RC,T40,
2024-02-03_19-48-58_i0.jpg,0,DRONE,T30,CRASHED
2024-02-04_08-26-37_i0.jpg,0,RC,T40,
2024-02-04_08-31-08_i0.jpg,0,RC,MG1,
2024-02-04_08-58-26_i0.jpg,0,RC,T30,
2024-02-04_10-05-21_i0.jpg,0,RC,T40,
2024-02-04_10-05-22_i0.jpg,0,RC,T40,
2024-02-05_08-13-18_i0.jpg,0,RC,T30,
2024-02-05_09-45-43_i0.jpg,0,RC,T30,
2024-02-05_10-47-07_i0.jpg,0,RC,T30,
2024-02-05_12-16-30_i0.jpg,0,RC,T30,
2024-02-05_13-41-27_i0.jpg,0,RC,T30,
2024-02-07_10-34-09_i0.jpg,0,RC,T40,
2024-02-07_11-45-41_i0.jpg,0,RC,T40,
2024-02-07_11-49-34_i0.jpg,0,RC,T40,
2024-02-07_16-29-05_i0.jpg,0,RC,T40,
2024-02-07_18-45-16_i0.jpg,0,RC,T40,
2024-02-08_19-18-53_i0.jpg,0,RC,T30,
2024-02-09_08-52-37_i0.jpg,0,DRONE,T40,CRASHED
2024-02-09_10-33-19_i0.jpg,0,RC,T40,
2024-02-10_09-38-15_i0.jpg,0,RC,T30,
2024-02-10_15-06-22_i0.jpg,0,RC,T30,
2024-02-11_19-29-46_i0.jpg,0,RC,T40,
2024-02-12_11-50-49_i0.jpg,0,RC,T40,
2024-02-12_16-46-32_i0.jpg,0,RC,T30,
2024-02-13_09-20-13_i0.jpg,0,RC,T20,
2024-02-13_17-03-57_i0.jpg,0,RC,T40,
2024-02-13_19-16-37_i0.jpg,0,RC,T40,
2024-02-14_09-41-23_i0.jpg,0,RC,T30,
2024-02-14_11-38-37_i0.jpg,0,RC,T30,
2024-02-14_11-58-08_i0.jpg,0,RC,T30,
2024-02-16_18-21-10_i0.jpg,0,RC,T40,
2024-02-18_05-59-41_i0.jpg,0,RC,T40,
2024-02-18_09-03-35_i0.jpg,0,RC,T40,
2024-02-19_09-02-23_i0.jpg,0,RC,T40,
2024-02-19_09-46-36_i0.jpg,0,RC,T40,
2024-02-21_11-24-10_i0.jpg,0,DRONE,T40,CRASHED
2024-02-21_12-56-43_i0.jpg,0,RC,T40,
2024-02-22_08-05-49_i0.jpg,0,RC,T40,
2024-02-22_08-05-51_i0.jpg,0,RC,T40,
2024-02-22_08-05-52_i0.jpg,0,RC,T40,
2024-02-22_09-07-25_i0.jpg,0,RC,T30,
2024-02-22_10-19-58_i0.jpg,0,RC,T40,
2024-02-23_07-13-06_i0.jpg,0,RC,T40,
2024-02-23_09-10-39_i0.jpg,0,RC,T20,
2024-02-23_13-22-29_i0.jpg,0,RC,MG1,
2024-02-23_14-04-21_i0.jpg,0,RC,T40,
2024-02-23_17-04-40_i0.jpg,0,RC,T40,
2024-02-23_17-04-41_i0.jpg,0,RC,T40,
2024-02-26_08-04-48_i0.jpg,0,RC,T40,
2024-02-26_08-06-25_i0.jpg,0,RC,T40,
2024-02-27_07-13-24_i0.jpg,0,RC,T40,
2024-02-27_07-13-25_i0.jpg,0,RC,T40,
2024-02-27_07-16-30_i0.jpg,0,RC,T40,
2024-02-27_07-18-28_i0.jpg,0,RC,T40,
2024-02-27_07-18-43_i0.jpg,0,RC,T40,
2024-02-27_07-17-59_i0.jpg,0,RC,T40,
2024-03-01_10-44-04_i0.jpg,0,DRONE,T40,
2024-03-03_15-24-36_i0.jpg,0,RC,T40,
2024-03-03_16-49-52_i0.jpg,0,RC,T40,
2024-03-04_23-02-29_i0.jpg,0,RC,MG1,
2024-03-05_13-14-22_i0.jpg,0,RC,T30,
2024-03-06_09-55-36_i0.jpg,0,DRONE,T20,
2024-03-06_18-10-46_i0.jpg,0,RC,T40,
2024-03-07_06-55-21_i0.jpg,0,RC,T40,
2024-03-07_09-40-38_i0.jpg,0,RC,T30,
2024-03-07_09-42-55_i0.jpg,0,RC,T40,
2024-03-07_10-45-45_i0.jpg,0,RC,T40,
2024-03-07_11-17-24_i0.jpg,0,RC,T30,
2024-03-07_16-13-25_i0.jpg,0,RC,T40,
2024-03-07_17-54-17_i0.jpg,0,RC,T40,
2024-03-07_19-50-08_i0.jpg,0,RC,T40,
2024-03-08_12-22-03_i0.jpg,0,RC,T40,
2024-03-08_13-04-02_i0.jpg,0,RC,T40,
2024-03-08_13-39-08_i0.jpg,0,RC,T40,
2024-03-08_16-10-22_i0.jpg,0,RC,T40,
2024-03-11_06-59-29_i0.jpg,0,RC,T30,
2024-03-11_06-59-31_i0.jpg,0,RC,T30,
2024-03-11_08-06-39_i0.jpg,0,RC,T40,
2024-03-12_19-11-19_i0.jpg,0,RC,T40,
2024-03-12_19-11-20_i0.jpg,0,RC,T40,
2024-03-13_06-02-02_i0.jpg,0,RC,T30,
2024-03-13_13-15-46_i0.jpg,0,RC,T20,
2024-03-13_17-51-29_i0.jpg,0,RC,T30,
2024-03-14_00-11-08_i0.jpg,0,RC,T40,
2024-03-14_00-11-17_i0.jpg,0,RC,T30,
2024-03-14_14-59-42_i0.jpg,0,RC,T40,
2024-03-15_13-50-13_i0.jpg,0,RC,T40,
2024-03-15_13-50-14_i0.jpg,0,RC,T40,
2024-03-16_00-21-22_i0.jpg,0,RC,T40,
2024-03-16_19-24-56_i0.jpg,0,RC,T40,
2024-03-17_07-55-22_i0.jpg,0,RC,T30,
2024-03-19_11-00-29_i0.jpg,0,RC,T40,
2024-03-19_15-58-31_i0.jpg,0,RC,T40,
2024-03-21_09-04-07_i0.jpg,0,RC,T30,
2024-03-21_09-04-07_i1.jpg,0,RC,T30,
2024-03-21_09-57-38_i0.jpg,0,RC,T40,
2024-03-21_10-01-43_i0.jpg,0,RC,T40,
2024-03-21_10-02-25_i0.jpg,0,RC,T40,
2024-03-21_10-16-06_i0.jpg,0,RC,T40,
2024-03-21_16-40-53_i0.jpg,0,RC,T40,
2024-03-21_17-05-42_i0.jpg,0,RC,T30,
2024-03-22_23-53-09_i0.jpg,0,RC,T20,
2024-03-23_01-12-45_i0.jpg,0,RC,T40,
2024-03-23_02-57-05_i0.jpg,0,RC,T40,
2024-03-25_07-47-11_i0.jpg,0,RC,T30,
2024-03-25_07-47-19_i0.jpg,0,RC,T30,
2024-03-25_12-25-46_i0.jpg,0,RC,T30,
2024-03-25_07-47-20_i0.jpg,0,RC,T30,
2024-03-25_14-55-49_i0.jpg,0,RC,T40,
2024-03-26_18-34-58_i0.jpg,0,RC,T40,
2024-03-27_23-33-28_i0.jpg,0,RC,T40,
2024-03-28_16-22-07_i0.jpg,0,RC,MG1,
2024-03-28_16-22-11_i0.jpg,0,RC,MG1,
2024-04-01_19-51-53_i0.jpg,0,RC,T30,
2024-04-02_13-35-19_i0.jpg,0,RC,T20,
2024-04-02_13-35-20_i0.jpg,0,RC,T20,
2024-04-03_12-01-18_i0.jpg,0,RC,T40,
2024-04-04_20-21-11_i0.jpg,0,RC,T40,
2024-04-05_07-52-22_i0.jpg,0,RC,T20,
2024-04-05_10-22-58_i0.jpg,0,RC,MG1,
2024-04-05_10-40-30_i0.jpg,0,RC,MG1,
2024-04-05_11-19-27_i0.jpg,0,RC,MG1,
2024-04-05_16-02-53_i0.jpg,0,RC,T30,
2024-04-06_12-21-03_i0.jpg,0,RC,T30,
2024-04-05_18-50-32_i0.jpg,0,RC,T30,
2024-04-07_00-22-42_i0.jpg,0,DRONE,T20,
2024-04-08_09-14-53_i0.jpg,0,RC,T40,
2024-04-09_15-07-22_i0.jpg,0,RC,T30,
2024-04-09_16-10-06_i0.jpg,0,RC,T30,
2024-04-09_20-30-08_i0.jpg,0,RC,T30,
2024-04-09_23-52-30_i0.jpg,0,RC,T40,
2024-04-10_10-50-58_i0.jpg,0,RC,T40,
2024-04-10_21-29-15_i0.jpg,0,RC,T40,
2024-04-12_11-42-35_i0.jpg,0,RC,T40,
2024-04-13_13-49-27_i0.jpg,0,RC,T40,
2024-04-15_06-40-43_i0.jpg,0,RC,T40,
2024-04-15_09-51-59_i0.jpg,0,RC,T40,
2024-04-15_16-00-00_i0.jpg,0,RC,T30,
2024-04-16_11-34-22_i0.jpg,0,RC,T30,
2024-04-18_17-20-06_i0.jpg,0,RC,T40,
2024-04-18_17-20-16_i0.jpg,0,RC,T40,
2024-04-19_10-51-24_i0.jpg,0,RC,T40,
2024-04-20_16-47-32_i0.jpg,0,RC,T40,
2024-04-20_16-47-33_i0.jpg,0,RC,T40,
2024-04-22_07-30-31_i0.jpg,0,RC,T30,
2024-04-22_20-57-20_i0.jpg,0,RC,T40,
2024-04-23_11-01-29_i0.jpg,0,RC,T40,
2024-04-25_07-00-37_i0.jpg,0,RC,T40,
2024-04-25_08-07-26_i0.jpg,0,RC,T40,
2024-04-25_13-57-45_i0.jpg,0,RC,T40,
2024-04-26_10-46-55_i0.jpg,0,RC,T40,
2024-04-28_10-20-59_i0.jpg,0,RC,T40,
2024-04-28_11-59-21_i0.jpg,0,RC,T30,
2024-04-28_16-23-24_i0.jpg,0,RC,T40,
2024-04-29_15-41-19_i0.jpg,0,RC,T40,
2024-04-29_15-41-21_i0.jpg,0,RC,T40,
2024-04-30_07-30-26_i0.jpg,0,RC,T40,
2024-04-30_17-51-12_i0.jpg,0,RC,T30,
2024-05-01_11-21-38_i0.jpg,0,RC,MG1,
2024-05-02_07-01-20_i0.jpg,0,RC,T40,
2024-05-02_11-18-37_i0.jpg,0,RC,T30,
2024-05-02_11-19-08_i0.jpg,0,RC,T30,
2024-05-03_14-32-09_i0.jpg,0,RC,T40,
2024-05-06_07-35-19_i0.jpg,0,RC,T40,
2024-05-06_17-52-32_i0.jpg,0,RC,T40,
2024-05-07_07-54-53_i0.jpg,0,RC,T30,
2024-05-07_11-32-19_i0.jpg,0,RC,T40,
2024-05-07_11-38-18_i0.jpg,0,RC,T40,
2024-05-07_12-21-33_i0.jpg,0,RC,T40,
2024-05-07_15-42-28_i0.jpg,0,RC,T40,
2024-05-08_07-05-45_i0.jpg,0,RC,T30,
2024-05-08_07-12-06_i0.jpg,0,DRONE,T30,
2024-05-08_12-50-56_i0.jpg,0,RC,T40,
2024-05-11_19-55-20_i0.jpg,0,RC,T40,
2024-05-12_09-02-28_i0.jpg,0,RC,T40,
2024-05-13_11-34-18_i0.jpg,0,RC,T40,
2024-05-13_12-36-40_i0.jpg,0,RC,T40,
2024-05-14_09-03-20_i0.jpg,0,RC,T40,
2024-05-15_12-21-42_i0.jpg,0,RC,T40,
2024-05-15_15-00-49_i0.jpg,0,RC,MG1,
2024-05-15_16-43-23_i0.jpg,0,RC,MG1,
2024-05-17_06-21-37_i0.jpg,0,RC,T40,
2024-05-17_07-29-54_i0.jpg,0,RC,T30,
2024-05-17_14-50-04_i0.jpg,0,RC,T40,
2024-05-17_18-18-22_i0.jpg,0,RC,T40,
2024-05-18_10-16-40_i0.jpg,0,RC,T40,
2024-05-18_18-26-52_i0.jpg,0,RC,T40,
2024-05-19_09-42-10_i0.jpg,0,RC,T40,
2024-05-20_18-44-00_i0.jpg,0,RC,T30,
2024-05-20_20-28-41_i0.jpg,0,RC,T40,
2024-05-21_15-17-12_i0.jpg,0,RC,T40,
2024-05-21_15-32-19_i0.jpg,0,RC,T40,
2024-05-21_16-08-40_i0.jpg,0,RC,T40,
2024-05-22_07-52-23_i0.jpg,0,RC,T40,
2024-05-22_12-31-43_i0.jpg,0,RC,T30,
2024-05-22_16-57-24_i0.jpg,0,RC,T40,
2024-05-23_06-58-53_i0.jpg,0,RC,T40,
2024-05-23_20-13-54_i0.jpg,0,RC,T30,
2024-05-25_09-50-09_i0.jpg,0,RC,T40,
2024-05-25_10-27-51_i0.jpg,0,RC,T40,
2024-05-25_10-27-52_i0.jpg,0,RC,T40,
2024-05-25_10-34-20_i0.jpg,0,RC,T40,
2024-05-25_15-41-31_i0.jpg,0,RC,T40,
2024-05-25_18-44-42_i0.jpg,0,RC,T40,
2024-05-26_11-26-24_i0.jpg,0,RC,T40,
2024-05-26_12-14-11_i0.jpg,0,RC,T40,
2024-05-27_13-32-53_i0.jpg,0,RC,T40,
2024-05-28_18-38-02_i0.jpg,0,RC,T40,
2024-05-30_16-44-33_i0.jpg,0,RC,T40,
2024-05-31_10-50-30_i0.jpg,0,RC,T40,
2024-06-01_12-36-06_i0.jpg,0,RC,T40,
2024-06-03_20-05-11_i0.jpg,0,RC,T40,
2024-06-05_14-40-18_i0.jpg,0,RC,T40,
2024-06-05_16-18-37_i0.jpg,0,RC,T40,
2024-06-05_17-46-36_i0.jpg,0,RC,T30,
2024-06-08_08-33-04_i0.jpg,0,RC,T40,
2024-06-08_11-27-34_i0.jpg,0,RC,T40,
2024-06-08_12-21-07_i0.jpg,0,RC,T40,
2024-06-08_17-20-24_i0.jpg,0,RC,T40,
2024-06-11_05-54-07_i0.jpg,0,RC,T40,
2024-06-11_09-38-38_i0.jpg,0,RC,T40,
2024-06-12_10-25-55_i0.jpg,0,RC,T40,
2024-06-14_01-22-56_i0.jpg,0,DRONE,T20,
2024-06-14_19-30-01_i0.jpg,0,RC,T40,
2024-06-15_12-31-21_i0.jpg,0,RC,T30,
2024-06-15_12-43-35_i0.jpg,0,RC,T40,
2024-06-15_12-43-41_i0.jpg,0,RC,T40,
2024-06-16_10-18-40_i0.jpg,0,RC,T40,
2024-06-17_08-44-28_i0.jpg,0,RC,T40,
2024-06-18_09-45-42_i0.jpg,0,RC,T40,
2024-06-18_09-45-44_i0.jpg,0,RC,T40,
2024-06-18_18-07-26_i0.jpg,0,RC,T40,
2024-06-20_10-12-55_i0.jpg,0,DRONE,T40,
2024-06-20_10-24-03_i0.jpg,0,DRONE,T30,
2024-06-20_14-16-15_i0.jpg,0,RC,T40,
2024-06-21_12-12-53_i0.jpg,0,DRONE,T50,
2024-06-21_12-32-30_i0.jpg,0,RC,T40,
2024-06-21_15-32-57_i0.jpg,0,DRONE,T30,
2024-06-21_21-55-34_i0.jpg,0,RC,T40,
2024-06-21_22-00-51_i0.jpg,0,RC,T40,
2024-06-22_08-59-12_i0.jpg,0,RC,T40,
2024-06-22_09-18-18_i0.jpg,0,RC,T40,
2024-06-24_08-41-44_i0.jpg,0,RC,T40,
2024-06-25_09-58-26_i0.jpg,0,RC,T40,
2024-06-25_13-52-09_i0.jpg,0,DRONE,T20,
2024-06-26_14-54-32_i0.jpg,0,RC,T30,
2024-06-28_13-16-47_i0.jpg,0,DRONE,T50,
2024-06-28_21-44-05_i0.jpg,0,RC,T40,
2024-06-29_09-47-30_i0.jpg,0,RC,T40,
2024-07-01_08-06-17_i0.jpg,0,DRONE,T40,CRASHED
2024-07-02_08-04-00_i0.jpg,0,RC,T40,
2024-07-02_19-03-38_i0.jpg,0,RC,T40,
2024-07-03_08-03-39_i0.jpg,0,RC,T40,
2024-07-04_15-19-36_i0.jpg,0,RC,T40,
2024-07-04_22-53-22_i0.jpg,0,RC,T40,
2024-07-06_08-17-34_i0.jpg,0,RC,T40,
2024-07-07_20-06-47_i0.jpg,0,RC,T40,
2024-07-08_07-41-41_i0.jpg,0,RC,T40,
2024-07-08_07-53-26_i0.jpg,0,RC,T40,
2024-07-10_15-41-51_i0.jpg,0,RC,T40,
2024-07-11_08-44-11_i0.jpg,0,RC,T40,
2024-07-12_06-47-31_i0.jpg,0,RC,T40,
2024-07-12_09-52-03_i0.jpg,0,RC,T40,
2024-07-12_09-52-04_i0.jpg,0,RC,T40,
2024-07-12_09-49-01_i0.jpg,0,RC,T40,
2024-07-12_11-04-50_i0.jpg,0,RC,T30,
2024-07-12_16-57-05_i0.jpg,0,RC,T30,
2024-07-13_13-35-14_i0.jpg,0,RC,T40,
2024-07-13_19-00-26_i0.jpg,0,RC,T50,
2024-07-13_19-00-27_i0.jpg,0,RC,T50,
2024-07-15_11-03-25_i0.jpg,0,RC,T30,
2024-07-20_10-00-27_i0.jpg,0,RC,T40,
2024-07-20_17-19-07_i0.jpg,0,RC,T40,
2024-07-22_15-27-20_i0.jpg,0,RC,T20,
2024-07-22_19-10-14_i0.jpg,0,RC,T30,
2024-07-25_13-41-43_i0.jpg,0,RC,T40,
2024-07-25_15-50-29_i0.jpg,0,RC,T40,
2024-07-26_16-26-17_i0.jpg,0,RC,T40,
2024-07-27_10-04-37_i0.jpg,0,RC,T30,
2024-07-29_07-49-32_i0.jpg,0,RC,T30,
2024-07-29_17-15-43_i0.jpg,0,RC,T40,
2024-07-29_19-20-00_i0.jpg,0,RC,T30,
2024-07-30_07-40-32_i0.jpg,0,RC,T40,
2024-07-30_15-36-43_i0.jpg,0,RC,T20,
2024-07-30_22-40-10_i0.jpg,0,RC,T40,
2024-07-31_08-04-42_i0.jpg,0,RC,T30,
2024-07-31_10-48-10_i0.jpg,0,RC,T30,
2024-07-31_20-22-08_i0.jpg,0,RC,T40,
2024-08-03_09-56-37_i0.jpg,0,RC,T40,
2024-08-03_09-55-54_i0.jpg,0,RC,T40,
2024-08-03_10-17-51_i0.jpg,0,RC,T30,
2024-08-04_09-59-46_i0.jpg,0,DRONE,T50,
2024-08-04_10-22-56_i0.jpg,0,RC,T30,
2024-08-05_14-04-47_i0.jpg,0,RC,T40,
2024-08-07_00-57-02_i0.jpg,0,RC,T40,
2024-08-07_20-47-23_i0.jpg,0,RC,T30,
2024-08-07_21-38-38_i0.jpg,0,RC,T40,
2024-08-08_16-17-45_i0.jpg,0,RC,T30,
2024-08-09_07-36-37_i0.jpg,0,RC,T40,
2024-08-09_15-59-31_i0.jpg,0,RC,T40,
2024-08-09_15-59-48_i0.jpg,0,RC,T50,
2024-08-12_08-43-01_i0.jpg,0,DRONE,T30,CRASHED
2024-08-12_10-18-31_i0.jpg,0,RC,T30,
2024-08-12_11-15-58_i0.jpg,0,RC,T30,
2024-08-13_18-28-59_i0.jpg,0,RC,T30,
2024-08-15_07-10-32_i0.jpg,0,RC,T50,
2024-08-15_20-25-51_i0.jpg,0,RC,T40,
2024-08-16_14-43-29_i0.jpg,0,RC,T30,
2024-08-17_18-27-18_i0.jpg,0,RC,T50,
2024-08-17_18-29-53_i0.jpg,0,RC,T50,
2024-08-22_10-30-50_i0.jpg,0,DRONE,T20,CRASHED
2024-08-23_07-22-24_i0.jpg,0,RC,T30,
2024-08-23_11-01-06_i0.jpg,0,DRONE,T30,
2024-08-25_06-25-48_i0.jpg,0,RC,T40,
2024-08-25_15-49-33_i0.jpg,0,RC,T40,
2024-08-26_08-12-26_i0.jpg,0,RC,T30,
2024-08-27_13-40-43_i0.jpg,0,RC,T50,
2024-08-28_09-10-38_i0.jpg,0,RC,T40,
2024-08-28_09-11-27_i0.jpg,0,RC,T40,
2024-08-28_09-11-36_i0.jpg,0,RC,T40,
2024-08-29_14-46-18_i0.jpg,0,RC,T30,
2024-08-30_05-38-59_i0.jpg,0,RC,T40,
2024-08-30_09-19-46_i0.jpg,0,RC,T30,
2024-08-30_17-10-13_i0.jpg,0,RC,T40,
2024-08-30_17-30-52_i0.jpg,0,RC,T40,
2024-08-31_09-48-41_i0.jpg,0,RC,T40,
2024-08-31_11-08-55_i0.jpg,0,RC,T30,
2024-09-01_20-00-16_i0.jpg,0,RC,T40,
2024-09-01_20-55-15_i0.jpg,0,RC,T40,
2024-09-03_10-01-58_i0.jpg,0,RC,T30,
2024-09-03_10-17-32_i0.jpg,0,RC,T30,
2024-09-03_18-26-46_i0.jpg,0,RC,T40,
2024-09-05_10-46-53_i0.jpg,0,RC,T30,
2024-09-05_11-00-07_i0.jpg,0,RC,T30,
2024-09-07_07-24-15_i0.jpg,0,RC,T50,
2024-09-07_08-06-42_i0.jpg,0,RC,T40,
2024-09-07_11-33-20_i0.jpg,0,RC,T50,
2024-09-07_19-25-50_i0.jpg,0,RC,T40,
2024-09-10_10-37-36_i0.jpg,0,RC,T50,
2024-09-10_11-00-19_i0.jpg,0,RC,T30,
2024-09-12_10-48-26_i0.jpg,0,RC,T40,
2024-09-16_11-25-22_i0.jpg,0,RC,T50,
2024-09-16_11-25-32_i0.jpg,0,RC,T50,
2024-09-17_11-13-52_i0.jpg,0,RC,T50,
2024-09-18_21-30-22_i0.jpg,0,RC,T30,
2024-09-18_21-30-25_i0.jpg,0,RC,T30,
2024-09-18_21-30-28_i0.jpg,0,RC,T30,
2024-09-19_07-38-00_i0.jpg,0,RC,T50,
2024-09-20_08-31-10_i0.jpg,0,RC,T40,
2024-09-21_08-33-25_i0.jpg,0,RC,T50,
2024-09-21_12-59-02_i0.jpg,0,RC,T50,
2024-09-22_13-28-23_i0.jpg,0,RC,T30,
2024-09-24_19-28-03_i0.jpg,0,RC,T40,
2024-09-24_19-47-07_i0.jpg,0,DRONE,T50,
2024-09-24_19-51-56_i0.jpg,0,RC,T40,
2024-09-25_12-23-37_i0.jpg,0,RC,T40,
2024-09-27_09-05-43_i0.jpg,0,RC,T40,
2024-09-28_06-42-27_i0.jpg,0,RC,T30,
2024-09-28_06-42-28_i0.jpg,0,RC,T30,
2024-09-28_07-13-16_i0.jpg,0,RC,T50,
2024-09-28_18-35-00_i0.jpg,0,RC,T50,
2024-09-30_17-02-51_i0.jpg,0,RC,T30,
2024-10-01_07-22-26_i0.jpg,0,RC,T30,
2024-10-01_09-03-58_i0.jpg,0,RC,T40,
2024-10-02_10-39-04_i0.jpg,0,RC,T50,
2024-10-04_10-35-29_i0.jpg,0,RC,T50,
2024-10-04_21-12-04_i0.jpg,0,RC,MG1,
2024-10-08_07-26-22_i0.jpg,0,RC,T40,
2024-10-08_10-59-45_i0.jpg,0,RC,T20,
2024-10-08_10-59-47_i0.jpg,0,RC,T40,
2024-10-08_11-38-01_i0.jpg,0,RC,T50,
2024-10-10_07-11-08_i0.jpg,0,DRONE,T50,
2024-10-11_07-40-12_i0.jpg,0,RC,T40,
2024-10-11_07-40-11_i0.jpg,0,RC,T40,
2024-10-11_11-49-36_i0.jpg,0,RC,T40,
2024-10-11_13-04-56_i0.jpg,0,RC,T50,
2024-10-14_09-08-53_i0.jpg,0,RC,MG1,
2024-10-14_09-08-54_i0.jpg,0,RC,MG1,
2024-10-16_22-23-08_i0.jpg,0,RC,T50,
2024-10-18_01-05-16_i0.jpg,0,RC,T50,
2024-10-20_09-56-02_i0.jpg,0,RC,T30,
2024-10-20_09-56-03_i0.jpg,0,RC,T30,
2024-10-20_09-56-04_i0.jpg,0,RC,T30,
2024-10-20_09-56-17_i0.jpg,0,DRONE,T30,CRASHED
2024-10-21_11-18-52_i0.jpg,0,RC,T40,
2024-10-21_18-57-19_i0.jpg,0,RC,T40,
2024-10-22_14-47-11_i0.jpg,0,RC,T20,
2024-10-22_15-05-38_i0.jpg,0,RC,T20,
2024-10-22_15-42-03_i0.jpg,0,RC,T40,
2024-10-23_06-12-08_i0.jpg,0,RC,T40,
2024-10-24_12-30-44_i0.jpg,0,RC,T30,
2024-10-25_16-40-53_i0.jpg,0,DRONE,T30,CRASHED
2024-10-27_11-50-39_i0.jpg,0,RC,T40,
2024-10-29_08-09-17_i0.jpg,0,RC,T50,
2024-10-29_09-05-20_i0.jpg,0,RC,T40,
2024-10-30_19-06-31_i0.jpg,0,RC,T50,
2024-10-30_19-06-33_i0.jpg,0,RC,T50,
2024-10-30_19-06-34_i0.jpg,0,RC,T50,
2024-11-01_11-14-02_i0.jpg,0,RC,T40,
2024-11-02_12-53-10_i0.jpg,0,RC,T40,
2024-11-04_13-43-47_i0.jpg,0,RC,T40,
2024-11-05_00-04-05_i0.jpg,0,RC,T30,
2024-11-05_06-15-05_i0.jpg,0,RC,T50,
2024-11-05_16-22-16_i0.jpg,0,RC,T40,
2024-11-06_13-41-01_i0.jpg,0,DRONE,T40,CRASHED
2024-11-06_13-43-33_i0.jpg,0,RC,T30,
2024-11-06_14-50-20_i0.jpg,0,RC,T40,
2024-11-06_14-51-55_i0.jpg,0,DRONE,T40,CRASHED
2024-11-06_18-31-42_i0.jpg,0,RC,T50,
2024-11-07_08-52-53_i0.jpg,0,RC,T40,
2024-11-07_18-05-26_i0.jpg,0,DRONE,T50,
2024-11-07_18-17-11_i0.jpg,0,DRONE,T50,
2024-11-09_02-51-46_i0.jpg,0,DRONE,T20,CRASHED
2024-11-09_08-51-46_i0.jpg,0,DRONE,T40,CRASHED
2024-11-09_09-49-34_i0.jpg,0,RC,T40,
2024-11-09_09-50-43_i0.jpg,0,RC,T40,
2024-11-09_21-24-15_i0.jpg,0,RC,T40,
2024-11-13_05-13-59_i0.jpg,0,RC,T30,
2024-11-13_11-10-18_i0.jpg,0,RC,T30,
2024-11-13_11-11-54_i0.jpg,0,RC,T40,
2024-11-18_09-22-08_i0.jpg,0,RC,T50,
2024-11-20_09-38-26_i0.jpg,0,RC,T40,
2024-11-20_11-40-44_i0.jpg,0,RC,T50,
2024-11-21_21-14-36_i0.jpg,0,RC,T40,
2024-11-23_08-05-32_i0.jpg,0,RC,T50,
2024-11-25_14-30-40_i0.jpg,0,RC,T40,
2024-11-28_08-22-47_i0.jpg,0,RC,T40,
2024-11-28_08-27-22_i0.jpg,0,RC,T50,
2024-11-29_14-50-36_i0.jpg,0,RC,T50,
2024-11-29_14-50-38_i0.jpg,0,RC,T50,
2024-11-30_10-03-57_i0.jpg,0,RC,T50,
2024-12-03_11-10-03_i0.jpg,0,RC,T40,
2024-12-03_16-09-03_i0.jpg,0,RC,T50,
2024-12-04_07-43-12_i0.jpg,0,RC,T40,
2024-12-05_18-32-36_i0.jpg,0,RC,T50,
2024-12-06_15-35-34_i0.jpg,0,RC,T50,
2024-12-06_15-42-38_i0.jpg,0,DRONE,T40,
2024-12-07_08-14-33_i0.jpg,0,RC,T50,
2024-12-08_09-47-29_i0.jpg,0,RC,T30,
2024-12-07_18-39-57_i0.jpg,0,RC,T30,
2024-12-08_09-53-23_i0.jpg,0,RC,T40,
2024-12-09_08-47-22_i0.jpg,0,RC,T30,
2024-12-10_05-51-18_i0.jpg,0,RC,T30,
2024-12-10_07-33-40_i0.jpg,0,RC,T40,
2024-12-11_08-48-52_i0.jpg,0,RC,T40,
2024-12-12_00-05-04_i0.jpg,0,RC,T30,
2024-12-12_09-05-29_i0.jpg,0,RC,T40,
2024-12-12_09-54-55_i0.jpg,0,RC,T40,
2024-12-12_14-58-23_i0.jpg,0,RC,T40,
2024-12-18_12-04-04_i0.jpg,0,RC,T40,
2024-12-19_07-33-04_i0.jpg,0,RC,T40,
2024-12-19_08-32-31_i0.jpg,0,RC,T40,
2024-12-19_11-17-38_i0.jpg,0,RC,T50,
2024-12-19_16-48-34_i0.jpg,0,RC,T50,
2024-12-24_11-35-18_i0.jpg,0,RC,T40,
2024-12-24_11-58-01_i0.jpg,0,RC,T40,
2024-12-30_14-31-32_i0.jpg,0,RC,T40,
2024-12-28_17-06-46_i0.jpg,0,RC,T50,
2025-01-03_18-15-12_i0.jpg,0,DRONE,T40,
2025-01-03_20-50-42_i0.jpg,0,RC,T40,
2025-01-04_08-53-36_i0.jpg,0,RC,T40,
2025-01-06_12-55-26_i0.jpg,0,RC,T40,
2025-01-06_16-41-07_i0.jpg,0,RC,T40,
2025-01-06_16-54-06_i0.jpg,0,RC,T40,
2025-01-06_16-54-06_i1.jpg,0,RC,T40,
2025-01-08_09-54-14_i0.jpg,0,RC,T30,
2025-01-08_14-36-05_i0.jpg,0,RC,T40,
2025-01-08_16-05-59_i0.jpg,0,RC,T50,
2025-01-09_22-35-23_i0.jpg,0,RC,T40,
2025-01-09_22-36-20_i0.jpg,0,DRONE,T40,
2025-01-10_20-45-07_i0.jpg,0,RC,T30,
2025-01-11_12-22-15_i0.jpg,0,RC,T50,
2025-01-11_13-22-27_i0.jpg,0,RC,T50,
2025-01-12_07-11-27_i0.jpg,0,DRONE,T50,
2025-01-12_07-11-30_i0.jpg,0,DRONE,T20,
2025-01-12_11-55-41_i0.jpg,0,RC,T50,
2025-01-13_14-21-37_i0.jpg,0,RC,T40,
2025-01-15_09-27-36_i0.jpg,0,DRONE,T20,
2025-01-15_09-27-37_i0.jpg,0,DRONE,T20,
2025-01-15_09-27-38_i0.jpg,0,DRONE,T20,
2025-01-15_09-27-40_i0.jpg,0,DRONE,T20,
2025-01-17_10-48-21_i0.jpg,0,RC,T40,
2025-01-19_18-36-55_i0.jpg,0,RC,T40,
2025-01-20_15-55-57_i0.jpg,0,RC,T30,
2025-01-20_15-56-06_i0.jpg,0,RC,T30,
2025-01-21_22-53-59_i0.jpg,0,RC,T40,
2025-01-21_22-56-00_i0.jpg,0,RC,T40,
2025-01-22_09-23-37_i0.jpg,0,RC,T40,
2025-01-22_11-03-01_i0.jpg,0,RC,T40,
2025-01-22_13-02-05_i0.jpg,0,RC,T30,
2025-01-23_19-49-21_i0.jpg,0,RC,T40,
2025-01-23_20-36-47_i0.jpg,0,RC,T40,
2025-01-28_05-40-55_i0.jpg,0,RC,T40,
2025-01-28_13-19-14_i0.jpg,0,RC,T50,
2025-01-29_09-01-52_i0.jpg,0,RC,T40,
2025-01-29_12-29-46_i0.jpg,0,RC,T40,
2025-01-29_18-17-00_i0.jpg,0,RC,T50,
2025-01-29_18-19-59_i0.jpg,0,RC,T50,
2025-01-30_08-10-03_i0.jpg,0,RC,T40,
2025-01-30_09-09-18_i0.jpg,0,RC,T40,
2025-01-31_14-29-16_i0.jpg,0,RC,T40,
2025-02-01_06-50-47_i0.jpg,0,RC,T40,
2025-02-01_06-50-48_i0.jpg,0,RC,T40,
2025-02-02_00-40-31_i0.jpg,0,RC,T40,
2025-02-03_09-29-51_i0.jpg,0,RC,T40,
2025-02-04_08-28-08_i0.jpg,0,RC,T50,
2025-02-04_13-06-43_i0.jpg,0,RC,T40,
2025-02-04_14-08-11_i0.jpg,0,DRONE,T40,
2025-02-08_20-12-03_i0.jpg,0,RC,T40,
2025-02-09_11-21-55_i0.jpg,0,RC,T50,
2025-02-11_13-28-39_i0.jpg,0,RC,T40,
2025-02-11_15-30-14_i0.jpg,0,RC,T40,
2025-02-11_20-54-49_i0.jpg,0,RC,T40,
2025-02-14_09-58-48_i0.jpg,0,RC,T30,
2025-02-17_08-47-12_i0.jpg,0,RC,T40,
2025-02-17_10-28-27_i0.jpg,0,RC,T40,
