2023-05-08_09-21-31_i0.jpg,90,RC,T30,
2023-05-08_12-09-15_i0.jpg,0,RC,T30,
2023-05-10_13-51-38_i0.jpg,0,RC,T30,
2023-05-10_13-51-39_i0.jpg,90,RC,T30,
2023-05-11_15-22-11_i0.jpg,0,RC,T30,
2023-05-11_17-20-52_i0.jpg,90,RC,T30,
2023-05-11_20-07-31_i0.jpg,0,RC,T30,
2023-05-13_12-58-41_i0.jpg,0,RC,T30,
2023-05-13_13-05-40_i0.jpg,0,RC,T30,
2023-05-14_10-42-56_i0.jpg,0,RC,T20,
2023-05-14_16-07-24_i0.jpg,0,RC,T30,
2023-05-15_12-30-38_i0.jpg,0,RC,T30,
2023-05-16_11-21-57_i0.jpg,0,RC,T30,
2023-05-16_12-01-23_i0.jpg,0,RC,T30,
2023-05-16_13-09-37_i0.jpg,0,RC,T30,
2023-05-17_05-47-57_i0.jpg,0,RC,T30,
2023-05-17_18-15-19_i0.jpg,0,RC,T30,
2023-05-18_11-57-44_i0.jpg,0,RC,T30,
2023-05-18_20-54-13_i0.jpg,90,RC,T30,
2023-05-19_09-20-49_i0.jpg,0,RC,T30,
2023-05-19_19-12-01_i0.jpg,0,RC,T30,
2023-05-23_16-03-33_i0.jpg,0,RC,T30,
2023-05-24_10-13-44_i0.jpg,0,RC,T30,
2023-05-25_07-23-51_i0.jpg,90,RC,T30,
2023-05-26_10-34-54_i0.jpg,0,RC,T30,
2023-05-26_19-50-48_i0.jpg,0,RC,T30,
2023-05-27_10-48-46_i0.jpg,0,RC,T30,
2023-05-27_14-11-49_i0.jpg,0,RC,T30,
2023-05-27_14-24-06_i0.jpg,0,RC,T30,
2023-05-30_08-44-37_i0.jpg,0,RC,T30,
2023-05-30_09-38-06_i0.jpg,0,RC,T30,
2023-05-30_17-17-49_i0.jpg,0,RC,T30,
2023-05-30_17-17-50_i0.jpg,0,RC,T30,
2023-05-30_17-17-51_i0.jpg,0,RC,T30,
2023-05-31_15-34-32_i0.jpg,0,RC,T30,
2023-05-31_20-31-41_i0.jpg,0,RC,T30,
2023-05-31_20-32-13_i0.jpg,0,RC,T20,
2023-05-31_20-32-24_i0.jpg,0,RC,T20,
2023-05-31_20-32-38_i0.jpg,0,RC,T20,
2023-06-01_07-47-11_i0.jpg,0,RC,T20,
2023-06-01_09-07-26_i0.jpg,0,RC,T20,
2023-06-01_10-03-09_i0.jpg,0,RC,T30,
2023-06-02_03-09-03_i0.jpg,0,RC,T20,
2023-06-02_09-01-03_i0.jpg,0,RC,T20,
2023-06-03_13-31-02_i0.jpg,0,RC,T30,
2023-06-03_13-43-41_i0.jpg,0,RC,T20,
2023-06-04_15-25-02_i0.jpg,0,RC,T20,
2023-06-04_18-01-08_i0.jpg,0,RC,T30,
2023-06-05_12-09-45_i0.jpg,270,RC,T30,
2023-06-05_13-02-06_i0.jpg,0,RC,T20,
2023-06-05_18-38-49_i0.jpg,0,RC,T30,
2023-06-05_18-46-23_i0.jpg,0,RC,T30,
2023-06-05_18-48-27_i0.jpg,0,RC,T30,
2023-06-05_19-58-55_i0.jpg,0,RC,T30,
2023-06-06_15-53-52_i0.jpg,0,RC,T30,
2023-06-07_13-25-54_i0.jpg,0,RC,T30,
2023-06-07_15-37-18_i0.jpg,0,RC,T30,
2023-06-08_06-29-33_i0.jpg,0,RC,T30,
2023-06-08_07-48-19_i0.jpg,0,RC,T30,
2023-06-10_08-45-13_i0.jpg,0,RC,T30,
2023-06-11_09-52-58_i0.jpg,0,RC,T30,
2023-06-12_09-00-03_i0.jpg,0,RC,T30,
2023-06-12_10-18-47_i0.jpg,90,RC,T30,
2023-06-13_00-12-38_i0.jpg,90,RC,T30,
2023-06-13_13-35-41_i0.jpg,90,RC,T30,
2023-06-14_16-53-01_i0.jpg,0,RC,T30,
2023-06-14_21-28-23_i0.jpg,90,RC,T30,
2023-06-15_11-25-15_i0.jpg,0,RC,T30,
2023-06-15_14-49-02_i0.jpg,0,RC,T30,
2023-06-16_17-09-53_i0.jpg,0,RC,T30,
2023-06-17_08-59-14_i0.jpg,90,RC,T30,
2023-06-17_09-09-27_i0.jpg,0,RC,T30,
2023-06-18_16-01-36_i0.jpg,0,RC,T30,
2023-06-18_16-03-27_i0.jpg,0,RC,T30,
2023-06-18_17-51-16_i0.jpg,0,RC,T30,
2023-06-18_19-28-53_i0.jpg,0,RC,T30,
2023-06-19_09-23-52_i0.jpg,0,RC,T30,
2023-06-19_14-26-29_i0.jpg,0,RC,T30,
2023-06-19_14-26-40_i0.jpg,0,RC,T30,
2023-06-21_17-49-29_i0.jpg,0,RC,T30,
2023-06-21_17-53-50_i0.jpg,0,RC,T30,
2023-06-22_07-48-06_i0.jpg,0,RC,T30,
2023-06-22_07-57-47_i0.jpg,0,RC,T30,
2023-06-22_10-05-10_i0.jpg,0,RC,T30,
2023-06-24_22-01-05_i0.jpg,0,RC,T30,
2023-06-27_07-35-24_i0.jpg,0,RC,T30,
2023-06-28_08-29-31_i0.jpg,0,RC,T30,
2023-06-28_11-21-27_i0.jpg,0,RC,T30,
2023-06-28_13-00-33_i0.jpg,0,RC,T30,
2023-06-28_13-03-13_i0.jpg,0,RC,T30,
2023-06-28_13-33-52_i0.jpg,0,RC,T30,
2023-06-28_15-35-33_i0.jpg,0,RC,T30,
2023-06-28_15-58-55_i0.jpg,0,RC,T30,
2023-06-28_15-59-35_i0.jpg,0,RC,T30,
2023-06-28_16-00-38_i0.jpg,0,RC,T30,
2023-06-28_20-57-58_i0.jpg,0,RC,T30,
2023-06-29_07-24-16_i0.jpg,0,RC,T30,
2023-06-29_06-39-26_i0.jpg,270,RC,T30,
2023-06-29_11-29-40_i0.jpg,0,RC,T30,
2023-06-30_15-25-50_i0.jpg,0,RC,T30,
2023-07-01_08-04-04_i0.jpg,90,RC,T30,
2023-07-01_18-12-03_i0.jpg,0,RC,T30,
2023-07-02_09-54-31_i0.jpg,0,RC,T30,
2023-07-02_10-42-23_i0.jpg,0,RC,T30,
2023-07-03_08-45-34_i0.jpg,0,RC,T30,
2023-07-03_08-45-36_i0.jpg,90,RC,T30,
2023-07-04_09-14-29_i0.jpg,90,RC,T30,
2023-07-04_09-36-30_i0.jpg,0,RC,T30,
2023-07-04_11-10-53_i0.jpg,0,RC,T30,
2023-07-04_11-31-29_i0.jpg,0,RC,T30,
2023-07-06_07-09-14_i0.jpg,90,RC,T30,
2023-07-06_08-13-35_i0.jpg,90,RC,T30,
2023-07-06_08-54-51_i0.jpg,0,RC,T30,
2023-07-06_12-06-33_i0.jpg,0,RC,T30,
2023-07-06_15-43-43_i0.jpg,0,RC,T30,
2023-07-06_15-44-07_i0.jpg,0,RC,T30,
2023-07-07_15-03-50_i0.jpg,0,RC,T30,
2023-07-07_15-28-24_i0.jpg,0,RC,T30,
2023-07-07_17-08-06_i0.jpg,0,RC,T30,
2023-07-07_19-52-02_i0.jpg,0,RC,T30,
2023-07-07_20-50-47_i0.jpg,0,RC,T30,
2023-07-10_14-20-46_i0.jpg,90,RC,T30,
2023-07-10_15-07-31_i0.jpg,90,RC,T30,
2023-07-12_10-48-07_i0.jpg,0,RC,T30,
2023-07-12_15-34-04_i0.jpg,0,RC,T30,
2023-07-13_02-24-06_i0.jpg,90,RC,T30,
2023-07-13_06-33-22_i0.jpg,90,RC,T30,
2023-07-13_08-07-14_i0.jpg,0,RC,T30,
2023-07-13_08-53-11_i0.jpg,90,RC,T30,
2023-07-13_08-53-12_i0.jpg,90,RC,T30,
2023-07-13_10-41-05_i0.jpg,0,RC,T30,
2023-07-13_10-58-23_i0.jpg,0,RC,T30,
2023-07-14_18-32-36_i0.jpg,0,RC,T30,
2023-07-14_19-15-01_i0.jpg,0,RC,T30,
2023-07-15_11-07-07_i0.jpg,0,RC,T30,
2023-07-16_06-51-32_i0.jpg,0,RC,T30,
2023-07-16_06-51-49_i0.jpg,0,RC,T30,
2023-07-16_09-23-37_i0.jpg,0,RC,T30,
2023-07-17_18-07-39_i0.jpg,0,RC,T30,
2023-07-18_10-02-02_i0.jpg,0,RC,T20,
2023-07-19_20-44-30_i0.jpg,0,RC,T20,
2023-07-20_07-36-55_i0.jpg,0,RC,T20,
2023-07-21_07-15-37_i0.jpg,270,RC,T30,
2023-07-21_09-08-25_i0.jpg,0,RC,T20,
2023-07-21_14-24-18_i0.jpg,0,RC,T30,
2023-07-21_16-00-33_i0.jpg,0,RC,T30,
2023-07-21_16-00-33_i1.jpg,0,RC,T30,
2023-07-21_17-12-21_i0.jpg,0,RC,T30,
2023-07-21_19-33-54_i0.jpg,0,RC,T30,
2023-07-22_08-45-26_i0.jpg,0,RC,T30,
2023-07-23_13-10-07_i0.jpg,90,RC,T30,
2023-07-23_19-40-33_i0.jpg,90,RC,T20,
2023-07-25_12-33-28_i0.jpg,90,RC,T30,
2023-07-25_12-34-09_i0.jpg,90,RC,T30,
2023-07-25_12-37-10_i0.jpg,90,RC,T30,
2023-07-25_13-00-12_i0.jpg,90,RC,T30,
2023-07-26_08-45-25_i0.jpg,0,RC,T30,
2023-07-27_15-53-16_i0.jpg,0,RC,T30,
2023-07-27_16-22-55_i0.jpg,0,RC,T30,
2023-07-27_16-29-38_i0.jpg,0,RC,T30,
2023-07-27_16-37-28_i0.jpg,0,RC,T30,
2023-07-28_08-08-23_i0.jpg,0,RC,T30,
2023-07-31_09-32-44_i0.jpg,0,RC,T30,
2023-08-01_18-54-26_i0.jpg,0,RC,T30,
2023-08-02_14-59-16_i0.jpg,0,RC,T30,
2023-08-03_10-42-25_i0.jpg,0,RC,T30,
2023-08-03_11-18-01_i0.jpg,0,RC,T30,
2023-08-03_15-16-45_i0.jpg,0,RC,T30,
2023-08-03_20-06-39_i0.jpg,0,RC,T20,
2023-08-03_15-32-12_i0.jpg,0,RC,T30,
2023-08-04_09-24-03_i0.jpg,0,RC,T30,
2023-08-04_11-55-16_i0.jpg,0,RC,T30,
2023-08-04_16-05-37_i0.jpg,0,RC,T30,
2023-08-04_18-07-54_i0.jpg,90,RC,T30,
2023-08-05_15-41-26_i0.jpg,0,RC,T30,
2023-08-07_06-30-33_i0.jpg,0,RC,T30,
2023-08-08_12-30-10_i0.jpg,0,RC,T30,
2023-08-09_13-22-12_i0.jpg,0,RC,T30,
2023-08-10_16-00-05_i0.jpg,0,RC,T30,
2023-08-10_17-47-50_i0.jpg,0,RC,T30,
2023-08-11_13-37-29_i0.jpg,0,RC,T30,
2023-08-11_14-29-33_i0.jpg,0,RC,T30,
2023-08-11_15-37-11_i0.jpg,0,RC,T30,
2023-08-11_16-44-19_i0.jpg,270,RC,T30,
2023-08-13_15-10-49_i0.jpg,0,RC,T20,
2023-08-15_10-48-33_i0.jpg,0,RC,T30,
2023-08-16_09-19-00_i0.jpg,0,RC,T30,
2023-08-16_09-19-01_i0.jpg,0,RC,T30,
2023-08-17_08-11-52_i0.jpg,0,RC,T30,
2023-08-17_09-58-48_i0.jpg,0,RC,T30,
2023-08-17_10-10-45_i0.jpg,0,RC,T30,
2023-08-17_10-04-18_i0.jpg,0,RC,T30,
2023-08-17_18-22-40_i0.jpg,0,RC,T30,
2023-08-17_22-04-00_i0.jpg,90,RC,T20,
2023-08-18_07-44-39_i0.jpg,0,RC,T30,
2023-08-18_09-08-12_i0.jpg,0,RC,T30,
2023-08-18_10-20-03_i0.jpg,90,RC,T20,
2023-08-21_12-25-58_i0.jpg,0,RC,T20,
2023-08-21_14-00-21_i0.jpg,0,RC,T30,
2023-08-21_14-02-07_i0.jpg,0,RC,T30,
2023-08-21_15-20-46_i0.jpg,90,RC,T30,
2023-08-23_09-07-52_i0.jpg,0,RC,T30,
2023-08-23_17-23-32_i0.jpg,0,RC,T20,
2023-08-24_13-52-34_i0.jpg,0,RC,T30,
2023-08-25_10-57-52_i0.jpg,0,RC,T30,
2023-08-25_14-44-18_i0.jpg,0,RC,T20,
2023-08-25_14-48-18_i0.jpg,0,RC,T30,
2023-08-25_14-48-24_i0.jpg,0,RC,T30,
2023-08-25_17-36-20_i0.jpg,0,RC,T30,
2023-08-25_17-39-37_i0.jpg,90,RC,T30,
2023-08-25_17-41-18_i0.jpg,90,RC,T30,
2023-08-25_17-41-19_i0.jpg,90,RC,T30,
2023-08-25_17-41-38_i0.jpg,0,RC,T30,
2023-08-25_19-05-05_i0.jpg,0,RC,T30,
2023-08-27_07-37-39_i0.jpg,0,RC,T30,
2023-08-27_12-36-47_i0.jpg,0,RC,T30,
2023-08-29_07-23-27_i0.jpg,0,RC,T30,
2023-08-29_08-00-20_i0.jpg,0,RC,T30,
2023-08-29_09-15-20_i0.jpg,90,RC,T20,
2023-08-30_07-58-07_i0.jpg,0,RC,T30,
2023-08-30_11-52-59_i0.jpg,0,RC,T30,
2023-08-30_11-56-24_i0.jpg,0,RC,T30,
2023-08-30_11-59-25_i0.jpg,0,RC,T30,
2023-08-30_11-59-32_i0.jpg,0,RC,T30,
2023-08-31_10-35-55_i0.jpg,0,RC,T30,
2023-08-31_12-06-38_i0.jpg,90,RC,T30,
2023-09-01_07-45-37_i0.jpg,90,RC,T30,
2023-09-01_09-39-55_i0.jpg,90,RC,T30,
2023-09-01_09-43-08_i0.jpg,90,RC,T30,
2023-09-01_13-41-48_i0.jpg,0,RC,T30,
2023-09-02_00-07-43_i0.jpg,90,RC,T30,
2023-09-02_12-57-21_i0.jpg,0,RC,T30,
2023-09-02_12-57-35_i0.jpg,0,RC,T30,
2023-09-03_06-31-09_i0.jpg,90,RC,T30,
2023-09-05_08-04-38_i0.jpg,0,RC,T30,
2023-09-06_13-19-13_i0.jpg,0,RC,T30,
2023-09-06_13-19-14_i0.jpg,0,RC,T30,
2023-09-06_16-07-23_i0.jpg,0,RC,T20,
2023-09-07_14-21-53_i0.jpg,0,RC,T30,
2023-09-07_15-34-44_i0.jpg,0,RC,T30,
2023-09-07_18-23-56_i0.jpg,0,RC,T30,
2023-09-08_07-28-08_i0.jpg,0,RC,T30,
2023-09-08_12-09-40_i0.jpg,0,RC,T30,
2023-09-08_17-17-55_i0.jpg,0,RC,T30,
2023-09-11_14-25-35_i0.jpg,0,RC,T30,
2023-09-12_08-54-50_i0.jpg,0,RC,T30,
2023-09-12_13-25-34_i0.jpg,0,RC,T30,
2023-09-14_08-50-06_i0.jpg,0,RC,T20,
2023-09-16_12-19-58_i0.jpg,0,RC,T30,
2023-09-19_10-51-39_i0.jpg,0,RC,T20,
2023-09-19_11-37-49_i0.jpg,0,RC,T30,
2023-09-19_16-01-43_i0.jpg,90,RC,T30,
2023-09-20_09-28-20_i0.jpg,0,RC,T30,
2023-09-20_09-28-21_i0.jpg,0,RC,T30,
2023-09-20_09-28-28_i0.jpg,0,RC,T30,
2023-09-20_12-24-18_i0.jpg,0,RC,T20,
2023-09-20_12-35-00_i0.jpg,0,RC,T30,
2023-09-20_17-20-52_i0.jpg,0,RC,T30,
2023-09-20_17-41-54_i0.jpg,90,RC,T30,
2023-09-22_06-57-25_i0.jpg,0,RC,T30,
2023-09-22_11-58-10_i0.jpg,0,RC,T30,
2023-09-22_15-34-37_i0.jpg,0,RC,T30,
2023-09-23_15-46-26_i0.jpg,0,RC,T30,
2023-09-23_15-52-50_i0.jpg,0,RC,T30,
2023-09-23_15-53-24_i0.jpg,0,RC,T30,
2023-09-23_21-15-34_i0.jpg,0,RC,T30,
2023-09-25_06-16-18_i0.jpg,90,RC,T30,
2023-09-25_09-20-51_i0.jpg,0,RC,T30,
2023-09-25_09-38-58_i0.jpg,90,RC,T30,
2023-09-27_07-41-54_i0.jpg,0,RC,T30,
2023-09-29_21-07-22_i0.jpg,0,RC,T30,
2023-09-30_09-58-25_i0.jpg,0,RC,T30,
2023-09-30_18-40-17_i0.jpg,0,RC,T30,
2023-10-01_06-41-57_i0.jpg,90,RC,T30,
2023-10-01_06-44-18_i0.jpg,90,RC,T30,
2023-10-01_06-52-09_i0.jpg,90,RC,T30,
2023-10-03_07-01-58_i0.jpg,0,RC,T30,
2023-10-03_07-28-43_i0.jpg,0,RC,T30,
2023-10-04_12-44-54_i0.jpg,0,RC,T30,
2023-10-04_12-44-56_i0.jpg,0,RC,T30,
2023-10-04_12-45-00_i0.jpg,0,RC,T30,
2023-10-04_12-45-12_i0.jpg,0,RC,T30,
2023-10-04_12-54-33_i0.jpg,0,RC,T30,
2023-10-04_16-50-56_i0.jpg,0,RC,T30,
2023-10-06_06-54-59_i0.jpg,0,RC,T30,
2023-10-06_08-52-25_i0.jpg,0,RC,T30,
2023-10-06_08-57-31_i0.jpg,0,RC,T30,
2023-10-07_10-29-50_i0.jpg,0,RC,T30,
2023-10-07_10-51-51_i0.jpg,0,RC,T20,
2023-10-07_10-51-52_i0.jpg,0,RC,T20,
2023-10-07_17-24-42_i0.jpg,0,RC,T30,
2023-10-09_08-42-45_i0.jpg,0,RC,T30,
2023-10-11_12-17-22_i0.jpg,0,RC,T30,
2023-10-11_12-28-01_i0.jpg,0,RC,T30,
2023-10-11_16-32-50_i0.jpg,0,RC,T30,
2023-10-11_18-36-03_i0.jpg,0,RC,T30,
2023-10-11_18-40-35_i0.jpg,0,RC,T30,
2023-10-11_18-45-33_i0.jpg,0,RC,T30,
2023-10-12_10-46-21_i0.jpg,90,RC,T30,
2023-10-12_14-38-52_i0.jpg,0,RC,T30,
2023-10-13_09-51-54_i0.jpg,0,RC,T30,
2023-10-14_10-01-27_i0.jpg,90,RC,T30,
2023-10-20_09-43-02_i0.jpg,0,RC,T30,
2023-10-21_10-58-55_i0.jpg,0,RC,T30,
2023-10-21_11-06-06_i0.jpg,0,RC,T30,
2023-10-21_11-52-39_i0.jpg,0,RC,T30,
2023-10-21_11-54-03_i0.jpg,0,RC,T30,
2023-10-21_12-06-15_i0.jpg,0,RC,T30,
2023-10-21_12-10-19_i0.jpg,0,RC,T30,
2023-10-21_13-05-40_i0.jpg,0,RC,T30,
2023-10-23_06-47-41_i0.jpg,0,RC,T30,
2023-10-23_06-47-42_i0.jpg,270,RC,T30,
2023-10-23_08-29-43_i0.jpg,0,RC,T30,
2023-10-23_11-25-01_i0.jpg,0,RC,T20,
2023-10-24_10-00-57_i0.jpg,0,RC,T30,
2023-10-24_11-30-54_i0.jpg,0,RC,T30,
2023-10-24_20-56-55_i0.jpg,0,RC,T30,
2023-10-24_22-31-14_i0.jpg,0,RC,T30,
2023-10-25_06-23-42_i0.jpg,0,RC,T20,
2023-10-25_06-47-49_i0.jpg,0,RC,T30,
2023-10-25_06-51-51_i0.jpg,0,RC,T30,
2023-10-25_06-58-36_i0.jpg,0,RC,T30,
2023-10-25_07-00-47_i0.jpg,90,RC,T30,
2023-10-26_09-25-19_i0.jpg,0,RC,T30,
2023-10-27_13-10-57_i0.jpg,0,RC,T30,
2023-10-30_09-25-31_i0.jpg,90,RC,T30,
2023-10-30_14-16-14_i0.jpg,0,RC,T30,
2023-10-30_14-31-37_i0.jpg,0,RC,T30,
2023-10-31_05-50-22_i0.jpg,90,RC,T30,
2023-10-31_05-58-46_i0.jpg,0,RC,T30,
2023-10-31_09-38-11_i0.jpg,0,RC,T30,
2023-10-31_13-24-42_i0.jpg,0,RC,T30,
2023-10-31_15-53-31_i0.jpg,0,RC,T30,
2023-11-01_10-11-55_i0.jpg,0,RC,T30,
2023-11-01_12-27-43_i0.jpg,0,RC,T30,
2023-11-01_12-48-29_i0.jpg,0,RC,T30,
2023-11-01_15-59-04_i0.jpg,90,RC,T30,
2023-11-01_16-10-49_i0.jpg,0,RC,T30,
2023-11-01_17-20-07_i0.jpg,0,RC,T30,
2023-11-03_16-43-19_i0.jpg,0,RC,T30,
2023-11-03_16-43-25_i0.jpg,0,RC,T30,
2023-11-04_13-06-03_i0.jpg,0,RC,T30,
2023-11-04_15-33-32_i0.jpg,90,RC,T20,
2023-11-06_11-04-19_i0.jpg,0,RC,T30,
2023-11-07_09-43-05_i0.jpg,0,RC,T20,
2023-11-07_19-09-41_i0.jpg,90,RC,T30,
2023-11-08_13-54-42_i0.jpg,90,RC,T30,
2023-11-10_09-05-55_i0.jpg,0,RC,T30,
2023-11-13_08-21-02_i0.jpg,0,RC,T30,
2023-11-13_08-25-11_i0.jpg,0,RC,T30,
2023-11-13_08-59-06_i0.jpg,0,RC,T30,
2023-11-13_08-59-59_i0.jpg,0,RC,T30,
2023-11-13_09-02-48_i0.jpg,0,RC,T30,
2023-11-13_10-13-05_i0.jpg,0,RC,T30,
2023-11-16_15-17-19_i0.jpg,0,RC,T30,
2023-11-25_06-52-16_i0.jpg,270,RC,T30,
2023-11-25_08-15-17_i0.jpg,270,RC,T30,
2023-11-26_07-23-40_i0.jpg,0,RC,T30,
2023-11-30_12-01-39_i0.jpg,0,RC,T30,
2023-11-30_14-26-55_i0.jpg,0,RC,T30,
2023-12-03_01-20-51_i0.jpg,0,RC,T30,
2023-12-05_06-51-29_i0.jpg,0,RC,T30,
2023-12-05_16-34-25_i0.jpg,0,RC,T30,
2023-12-05_16-34-26_i0.jpg,0,RC,T30,
2023-12-06_16-02-51_i0.jpg,0,RC,T30,
2023-12-10_16-22-42_i0.jpg,0,RC,T30,
2023-12-14_09-10-13_i0.jpg,90,RC,T30,
2023-12-20_05-34-42_i0.jpg,0,RC,T30,
2023-12-20_18-02-43_i0.jpg,0,RC,T30,
2023-12-20_18-03-03_i0.jpg,0,RC,T30,
2023-12-21_10-28-35_i0.jpg,0,RC,T30,
2023-12-21_10-28-37_i0.jpg,0,RC,T30,
2023-12-21_13-44-17_i0.jpg,0,RC,T30,
2023-12-23_05-13-44_i1.jpg,0,RC,T30,
2023-12-23_20-04-14_i0.jpg,0,RC,T30,
2023-12-27_04-39-31_i0.jpg,0,RC,T30,
2023-12-29_19-54-52_i0.jpg,0,RC,T30,
2023-12-30_18-41-35_i0.jpg,90,RC,T30,
2024-01-04_07-17-21_i0.jpg,0,RC,T30,
2024-01-05_17-41-58_i0.jpg,0,RC,T30,
2024-01-06_10-27-51_i0.jpg,90,RC,T30,
2024-01-08_06-02-27_i0.jpg,0,RC,T30,
2024-01-08_15-57-13_i0.jpg,0,RC,T30,
2024-01-08_19-05-45_i0.jpg,90,RC,T30,
2024-01-12_09-07-49_i0.jpg,0,RC,T20,
2024-01-13_14-20-24_i0.jpg,0,RC,T30,
2024-01-22_12-25-44_i0.jpg,90,RC,T30,
2024-01-22_15-10-36_i0.jpg,0,RC,T30,
2024-01-26_18-22-07_i0.jpg,0,RC,T30,
2024-01-27_06-17-05_i0.jpg,90,RC,T30,
2024-01-27_11-17-58_i0.jpg,90,RC,T30,
2024-01-28_08-11-09_i0.jpg,0,RC,T30,
2024-01-28_08-13-24_i0.jpg,0,RC,T30,
2024-01-29_12-29-43_i0.jpg,0,RC,T20,
2024-01-29_12-31-43_i0.jpg,0,RC,T20,
2024-01-30_09-08-52_i0.jpg,0,RC,T30,
2024-01-30_09-42-04_i0.jpg,90,RC,T30,
2024-01-30_09-55-25_i0.jpg,0,RC,T30,
2024-02-02_07-51-48_i0.jpg,0,RC,T30,
2024-02-02_17-05-25_i0.jpg,0,RC,T30,
2024-02-03_20-01-07_i0.jpg,90,RC,T30,
2024-02-04_08-58-26_i0.jpg,0,RC,T30,
2024-02-05_08-13-18_i0.jpg,0,RC,T30,
2024-02-05_09-45-43_i0.jpg,0,RC,T30,
2024-02-05_10-47-07_i0.jpg,0,RC,T30,
2024-02-05_12-16-30_i0.jpg,0,RC,T30,
2024-02-05_13-41-27_i0.jpg,0,RC,T30,
2024-02-07_11-45-41_i0.jpg,90,RC,T30,
2024-02-08_19-18-53_i0.jpg,0,RC,T30,
2024-02-10_09-38-15_i0.jpg,0,RC,T30,
2024-02-10_15-06-22_i0.jpg,90,RC,T30,
2024-02-12_16-46-32_i0.jpg,0,RC,T30,
2024-02-13_09-20-13_i0.jpg,0,RC,T20,
2024-02-14_09-41-23_i0.jpg,0,RC,T30,
2024-02-14_11-38-37_i0.jpg,0,RC,T30,
2024-02-14_11-58-08_i0.jpg,90,RC,T30,
2024-02-22_09-07-25_i0.jpg,0,RC,T30,
2024-02-23_09-10-39_i0.jpg,0,RC,T20,
2024-03-05_13-14-22_i0.jpg,0,RC,T30,
2024-03-07_09-40-38_i0.jpg,0,RC,T30,
2024-03-07_11-17-24_i0.jpg,0,RC,T30,
2024-03-08_19-53-20_i0.jpg,90,RC,T30,
2024-03-11_06-59-29_i0.jpg,0,RC,T30,
2024-03-11_06-59-31_i0.jpg,0,RC,T30,
2024-03-13_06-02-02_i0.jpg,0,RC,T30,
2024-03-13_13-15-46_i0.jpg,90,RC,T20,
2024-03-13_17-51-29_i0.jpg,0,RC,T30,
2024-03-14_00-11-17_i0.jpg,0,RC,T30,
2024-03-17_07-55-22_i0.jpg,0,RC,T30,
2024-03-21_09-04-07_i0.jpg,0,RC,T30,
2024-03-21_09-04-07_i1.jpg,0,RC,T30,
2024-03-21_17-05-42_i0.jpg,0,RC,T30,
2024-03-22_23-53-09_i0.jpg,0,RC,T20,
2024-03-25_07-47-11_i0.jpg,90,RC,T30,
2024-03-25_07-47-19_i0.jpg,90,RC,T30,
2024-03-25_12-25-46_i0.jpg,0,RC,T30,
2024-03-25_07-47-20_i0.jpg,90,RC,T30,
2024-04-01_19-51-53_i0.jpg,90,RC,T30,
2024-04-02_13-35-19_i0.jpg,0,RC,T20,
2024-04-02_13-35-20_i0.jpg,0,RC,T20,
2024-04-05_07-52-22_i0.jpg,0,RC,T20,
2024-04-05_16-02-53_i0.jpg,90,RC,T30,
2024-04-06_12-21-03_i0.jpg,0,RC,T30,
2024-04-05_18-50-32_i0.jpg,0,RC,T30,
2024-04-09_15-07-22_i0.jpg,90,RC,T30,
2024-04-09_16-10-06_i0.jpg,0,RC,T30,
2024-04-15_16-00-00_i0.jpg,0,RC,T30,
2024-04-16_11-34-22_i0.jpg,0,RC,T30,
2024-04-22_07-30-31_i0.jpg,0,RC,T30,
2024-04-28_11-59-21_i0.jpg,0,RC,T30,
2024-04-29_15-41-19_i0.jpg,0,RC,T30,
2024-04-29_15-41-21_i0.jpg,0,RC,T30,
2024-04-30_17-51-12_i0.jpg,270,RC,T30,
2024-05-02_11-18-37_i0.jpg,0,RC,T30,
2024-05-02_11-19-08_i0.jpg,0,RC,T30,
2024-05-06_10-56-49_i0.jpg,270,RC,T30,
2024-05-07_07-54-53_i0.jpg,0,RC,T30,
2024-05-07_15-42-28_i0.jpg,0,RC,T30,
2024-05-08_07-05-45_i0.jpg,0,RC,T30,
2024-05-10_08-59-24_i0.jpg,90,RC,T30,
2024-05-14_09-03-20_i0.jpg,90,RC,T30,
2024-05-17_07-29-54_i0.jpg,0,RC,T30,
2024-05-20_18-44-00_i0.jpg,0,RC,T30,
2024-05-22_12-31-43_i0.jpg,0,RC,T30,
2024-05-23_20-13-54_i0.jpg,0,RC,T30,
2024-06-05_14-40-18_i0.jpg,0,RC,T30,
2024-06-05_16-18-37_i0.jpg,0,RC,T30,
2024-06-05_17-46-36_i0.jpg,0,RC,T30,
2024-06-11_09-38-38_i0.jpg,0,RC,T30,
2024-06-11_16-26-12_i0.jpg,270,RC,T30,
2024-06-12_10-25-55_i0.jpg,0,RC,T30,
2024-06-15_12-31-21_i0.jpg,90,RC,T30,
2024-06-26_14-54-32_i0.jpg,270,RC,T30,
2024-07-08_07-41-41_i0.jpg,270,RC,T30,
2024-07-12_11-04-50_i0.jpg,0,RC,T30,
2024-07-12_16-57-05_i0.jpg,90,RC,T30,
2024-07-15_11-03-25_i0.jpg,0,RC,T30,
2024-07-22_15-27-20_i0.jpg,0,RC,T20,
2024-07-27_10-04-37_i0.jpg,90,RC,T30,
2024-07-29_07-49-32_i0.jpg,0,RC,T30,
2024-07-29_19-20-00_i0.jpg,90,RC,T30,
2024-07-30_15-36-43_i0.jpg,0,RC,T20,
2024-07-31_08-04-42_i0.jpg,90,RC,T30,
2024-07-31_10-48-10_i0.jpg,0,RC,T30,
2024-08-03_10-17-51_i0.jpg,0,RC,T30,
2024-08-04_10-11-48_i0.jpg,90,RC,T30,
2024-08-04_10-22-56_i0.jpg,0,RC,T30,
2024-08-07_20-47-23_i0.jpg,0,RC,T30,
2024-08-08_16-17-45_i0.jpg,90,RC,T30,
2024-08-12_10-18-31_i0.jpg,0,RC,T30,
2024-08-12_11-15-58_i0.jpg,0,RC,T30,
2024-08-13_18-28-59_i0.jpg,90,RC,T30,
2024-08-16_14-43-29_i0.jpg,0,RC,T30,
2024-08-23_07-22-24_i0.jpg,90,RC,T30,
2024-08-26_08-12-26_i0.jpg,90,RC,T30,
2024-08-29_14-46-18_i0.jpg,0,RC,T30,
2024-08-30_09-19-46_i0.jpg,0,RC,T30,
2024-08-31_11-08-55_i0.jpg,0,RC,T30,
2024-09-03_10-01-58_i0.jpg,0,RC,T30,
2024-09-03_10-17-32_i0.jpg,0,RC,T30,
2024-09-05_10-46-53_i0.jpg,0,RC,T30,
2024-09-05_11-00-07_i0.jpg,0,RC,T30,
2024-09-10_11-00-19_i0.jpg,0,RC,T30,
2024-09-18_21-30-22_i0.jpg,0,RC,T30,
2024-09-18_21-30-25_i0.jpg,0,RC,T30,
2024-09-18_21-30-28_i0.jpg,90,RC,T30,
2024-09-22_13-28-23_i0.jpg,0,RC,T30,
2024-09-28_06-42-27_i0.jpg,90,RC,T30,
2024-09-28_06-42-28_i0.jpg,90,RC,T30,
2024-09-28_12-22-40_i0.jpg,270,RC,T30,
2024-09-30_17-02-51_i0.jpg,0,RC,T30,
2024-10-01_07-22-26_i0.jpg,0,RC,T30,
2024-10-08_10-59-45_i0.jpg,90,RC,T20,
2024-10-10_12-49-01_i0.jpg,90,RC,T30,
2024-10-20_09-56-02_i0.jpg,0,RC,T30,
2024-10-20_09-56-03_i0.jpg,0,RC,T30,
2024-10-20_09-56-04_i0.jpg,0,RC,T30,
2024-10-22_14-47-11_i0.jpg,0,RC,T20,
2024-10-22_15-05-38_i0.jpg,0,RC,T20,
2024-10-24_12-30-44_i0.jpg,0,RC,T30,
2024-11-05_00-04-05_i0.jpg,0,RC,T30,
2024-11-06_13-43-33_i0.jpg,270,RC,T30,
2024-11-13_05-13-59_i0.jpg,0,RC,T30,
2024-11-13_11-10-18_i0.jpg,0,RC,T30,
2024-12-08_09-47-29_i0.jpg,0,RC,T30,
2024-12-07_18-39-57_i0.jpg,90,RC,T30,
2024-12-09_08-47-22_i0.jpg,0,RC,T30,
2024-12-10_05-51-18_i0.jpg,0,RC,T30,
2024-12-12_00-05-04_i0.jpg,0,RC,T30,
2025-01-08_09-54-14_i0.jpg,0,RC,T30,
2025-01-10_20-45-07_i0.jpg,0,RC,T30,
2025-01-20_15-55-57_i0.jpg,0,RC,T30,
2025-01-20_15-56-06_i0.jpg,0,RC,T30,
2025-01-22_13-02-05_i0.jpg,270,RC,T30,
2025-02-14_09-58-48_i0.jpg,0,RC,T30,
